Date,year,Sample ID,Species (common),Species (scientific),sp_code,sp_number,Location (general),Age,Sex Field,Weight,Bag,Bag Weight,Actual Weight,Beak,Tarsus,Tail,Wing,Head,Hg.raw,Hg,logHg,carbon,nitrogen,logN
3-Jul-10,2010,TH2010_002,Atlantic Puffin,Fratercula arctica,ATPU,1,Witches Tit,adult,unknown,565,black,21,544,52.7,37.11,none,180,NA,396.0739,396.0739,2.597776225,-19.99,14.65,1.165837625
3-Jul-10,2010,TH2010_005,Atlantic Puffin,Fratercula arctica,ATPU,1,Witches Tit,adult,unknown,590,black,21,569,50.08,37.06,none,180,NA,258.0477,258.0477,2.411699993,-19.93,14.72,1.16790781
5-Jul-10,2010,TH2010_035,Atlantic Puffin,Fratercula arctica,ATPU,1,Witches Tit,adult,unknown,none,NA,NA,NA,none,none,none,none,NA,252.12305,252.12305,2.401612552,NA,NA,NA
5-Jul-10,2010,TH2010_036,Atlantic Puffin,Fratercula arctica,ATPU,1,Witches Tit,adult,unknown,530,black,21,509,53.17,37.41,none,175,NA,189.8225,189.8225,2.278347689,-19.98,14.06,1.147985321
27-Jul-10,2010,TH2010_092,Atlantic Puffin,Fratercula arctica,ATPU,1,Witches Tit,adult,female,520,black,21,499,48.66,37.34,none,170,NA,342.9687,342.9687,2.535254487,-19.8,15.07,1.178113252
27-Jul-10,2010,TH2010_094,Atlantic Puffin,Fratercula arctica,ATPU,1,Witches Tit,adult,male,630,black,21,609,55.83,37.12,none,180,NA,377.1498,377.1498,2.576513882,-19.73,14.34,1.156549151
27-Jul-10,2010,TH2010_097,Atlantic Puffin,Fratercula arctica,ATPU,1,Witches Tit,adult,male,600,black,21,579,48.87,38.2,none,185,NA,296.1447,296.1447,2.471503965,-19.64,14.31,1.155639634
27-Jul-10,2010,TH2010_101,Atlantic Puffin,Fratercula arctica,ATPU,1,Witches Tit,adult,male,620,black,21,599,53.58,38.97,none,192,NA,328.5908,328.5908,2.5166554,-19.71,14.16,1.151063253
27-Jul-10,2010,TH2010_104,Atlantic Puffin,Fratercula arctica,ATPU,1,Witches Tit,adult,male,600,black,21,579,47.98,38.16,none,178,NA,324.2974,324.2974,2.510943467,-20.13,15.04,1.177247836
30-Jul-10,2010,TH2010_319,Atlantic Puffin,Fratercula arctica,ATPU,1,Witches Tit,adult,unknown,560,red,14,546,51.27,37.65,none,181,NA,191.4292,191.4292,2.282008184,-19.81,14.58,1.163757524
16-Jul-11,2011,TH2011_036,Atlantic Puffin,Fratercula arctica,ATPU,1,Witch's Tit,adult,unknown,530,black,20,510,48.86,37.35,none,182,NA,250.5837,250.5837,2.398952818,NA,NA,NA
27-Jul-11,2011,TH2011_165,Atlantic Puffin,Fratercula arctica,ATPU,1,Witch's Tit,adult,unknown,640,black,20,620,56.12,39.57,NA,198,NA,307.1524,307.1524,2.487353913,-20.73,13.54,1.131618664
27-Jul-11,2011,TH2011_166,Atlantic Puffin,Fratercula arctica,ATPU,1,Witch's Tit,adult,unknown,570,black,20,550,49.92,35.54,NA,188,NA,295.4655,295.4655,2.470506778,-20.04,14.28,1.154728207
27-Jul-11,2011,TH2011_167,Atlantic Puffin,Fratercula arctica,ATPU,1,Witch's Tit,adult,unknown,595,black,20,575,56,37.99,NA,192,NA,387.9817,387.9817,2.588811242,-19.79,14.52,1.161966616
5-Aug-12,2012,TH12_A053,Atlantic Puffin,Fratercula arctica,ATPU,1,Witch's Tit,adult,unknown,590,black,21,569,52.27,37.33,--,186,NA,155,155,2.190331698,NA,NA,NA
5-Aug-12,2012,TH12_A054,Atlantic Puffin,Fratercula arctica,ATPU,1,Witch's Tit,adult,unknown,595,black,21,574,50.46,36.17,--,190,NA,351.273,351.273,2.54564477,NA,NA,NA
5-Aug-12,2012,TH12_A055,Atlantic Puffin,Fratercula arctica,ATPU,1,Witch's Tit,adult,unknown,625,black,21,604,50.98,38.05,--,192,NA,236.056,236.056,2.373015044,NA,NA,NA
19-Jul-13,2013,TH13-013,Atlantic Puffin,Fratercula arctica,ATPU,1,Witch's Tit,adult,unknown,510,red bag,14,496,48.77,37.84,42,182,NA,334.63675,334.63675,2.524573634,-20.05,14.16,1.151063253
20-Jul-13,2013,TH13-014,Atlantic Puffin,Fratercula arctica,ATPU,1,Witch's Tit,adult,unknown,440,red bag,14,426,44.6,31.88,44,170,NA,390.5505,390.5505,2.591677198,NA,NA,NA
20-Jul-13,2013,TH13-015,Atlantic Puffin,Fratercula arctica,ATPU,1,Witch's Tit,adult,unknown,560,red bag,14,546,52.45,36.39,59,92,NA,417.229,417.229,2.620374487,-19.62,13.86,1.14176323
20-Jul-13,2013,TH13-016,Atlantic Puffin,Fratercula arctica,ATPU,1,Witch's Tit,adult,unknown,640,red bag,14,626,56.1,39.57,59,199,NA,649.0817,649.0817,2.812299365,-20.63,14.5,1.161368002
23-Jul-13,2013,TH13-033,Atlantic Puffin,Fratercula arctica,ATPU,1,Witch's Tit,adult,female?,470,red bag,14,456,44.59,34.63,51,175,NA,536.614,536.614,2.729661999,NA,NA,NA
23-Jul-13,2013,TH13-034,Atlantic Puffin,Fratercula arctica,ATPU,1,Witch's Tit,adult,unknown,575,red bag,14,561,56.11,37.15,35,186,NA,612.3562,612.3562,2.787004119,NA,NA,NA
29-Jul-13,2013,TH13-038,Atlantic Puffin,Fratercula arctica,ATPU,1,Witch's Tit,adult,unknown,550,red bag,14,536,49.73,44.65,45,189,NA,293.66935,293.66935,2.467858622,-20.07,13.96,1.144885418
29-Jul-13,2013,TH13-039,Atlantic Puffin,Fratercula arctica,ATPU,1,Witch's Tit,sub-adult,unknown,610,red bag,14,596,47.76,38.29,44,186,NA,239.5488,239.5488,2.379394,-20.68,12.12,1.08350262
8-Jul-14,2014,TH14_054,Atlantic Puffin,Fratercula arctica,ATPU,1,Witch's Tit,adult,unknown,660,black,48,612,51.21,40.18,49,184,NA,374.8465,374.8465,2.57385346,-20.84,13.73,1.137670537
11-Jul-14,2014,TH14_055,Atlantic Puffin,Fratercula arctica,ATPU,1,Witch's Tit,adult,unknown,675,black,48,627,52.58,38.66,50,182,NA,497.3867,497.3867,2.696694168,NA,NA,NA
11-Jul-14,2014,TH14_056,Atlantic Puffin,NA,ATPU,1,Witch's Tit,adult,unknown,470,black,48,422,45.86,32.8,52,168,NA,338.885,338.885,2.530052346,-19.9,13.86,1.14176323
11-Jul-14,2014,TH14_057,Atlantic Puffin,Fratercula arctica,ATPU,1,Witch's Tit,adult,unknown,650,black,48,602,50.88,37.92,52,175,NA,556.6634,556.6634,2.745592668,-20.56,14.39,1.158060794
11-Jul-14,2014,TH14_066,Atlantic Puffin,Fratercula arctica,ATPU,1,Witch's Tit,adult,unknown,640,black,48,592,54.2,37.37,55,184,NA,611.5198,611.5198,2.786410523,-20.48,14.13,1.150142162
12-Jul-14,2014,TH14_068,Atlantic Puffin,Fratercula arctica,ATPU,1,Witch's Tit,adult,unknown,675,black,48,627,53.25,37.61,54,190,NA,625.7327,625.7327,2.796388851,-21.07,14.04,1.147367108
11-Jul-14,2014,TH14_070,Atlantic Puffin,Fratercula arctica,ATPU,1,Witch's Tit,adult,unknown,670,black,48,622,51.25,38.18,52,191,NA,306.6041,306.6041,2.486577958,-20.57,13.44,1.128399269
24-Jul-14,2014,TH14_082,Atlantic Puffin,Fratercula arctica,ATPU,1,Witch's Tit,adult,unknown,455,black,48,407,44.53,31.78,42,165,NA,415.4258,415.4258,2.618493465,-20.42,13.61,1.133858125
24-Jul-14,2014,TH14_083,Atlantic Puffin,Fratercula arctica,ATPU,1,Witch's Tit,adult,unknown,625,black,48,577,55.4,37.75,41,187,NA,646.0777,646.0777,2.810284751,-20.27,14.32,1.155943018
24-Jul-14,2014,TH14_084,Atlantic Puffin,Fratercula arctica,ATPU,1,Witch's Tit,adult,unknown,610,black,48,562,50.48,39.29,41,186,NA,595.4051,595.4051,2.77481255,NA,NA,NA
24-Jul-14,2014,TH14_085,Atlantic Puffin,Fratercula arctica,ATPU,1,Witch's Tit,adult,unknown,630,black,48,582,52.19,37.64,47,195,NA,456.3188,456.3188,2.659268362,NA,NA,NA
24-Jul-14,2014,TH14_086,Atlantic Puffin,Fratercula arctica,ATPU,1,Witch's Tit,adult,unknown,590,black,48,542,53.22,39.25,47,183,NA,234.968,234.968,2.37100872,NA,NA,NA
28-Jul-14,2014,TH14_087,Atlantic Puffin,Fratercula arctica,ATPU,1,Witch's Tit,adult,unknown,540,black,48,492,47.9,35.23,54,182,NA,531.4198,531.4198,2.725437732,-20.42,13.28,1.123198075
28-Jul-14,2014,TH14_088,Atlantic Puffin,Fratercula arctica,ATPU,1,Witch's Tit,adult,unknown,550,black,48,502,48.84,37.62,46,182,NA,388.6348,388.6348,2.589541687,NA,NA,NA
28-Jul-14,2014,TH14_089,Atlantic Puffin,Fratercula arctica,ATPU,1,Witch's Tit,adult,unknown,570,black,48,522,52.87,37.1,49,181,NA,368.0801,368.0801,2.565942338,-20.66,13.52,1.130976692
28-Jul-14,2014,TH14_090,Atlantic Puffin,Fratercula arctica,ATPU,1,Witch's Tit,sub-adult,unknown,600,black,48,552,47.65,37.81,56,185,NA,277.4425,277.4425,2.443172989,-20.7,13.32,1.124504225
28-Jul-14,2014,TH14_091,Atlantic Puffin,Fratercula arctica,ATPU,1,Witch's Tit,adult,unknown,615,black,48,567,50.89,37.31,56,185,NA,377.1825,377.1825,2.576551535,-20.6,14.37,1.157456768
27-Jul-15,2015,TH15_003,Atlantic Puffin,Fratercula arctica,ATPU,1,Witch's Tit,adult,unknown,610,black,21,589,53.49,36.01,54,186,none,378.3967,378.3967,2.57794734,NA,NA,NA
27-Jul-15,2015,TH15_009,Atlantic Puffin,Fratercula arctica,ATPU,1,Witch's Tit,adult,unknown,590,black,21,569,51.96,38.11,49,184,none,285.7038,285.7038,2.455916017,NA,NA,NA
27-Jul-15,2015,TH15_012,Atlantic Puffin,Fratercula arctica,ATPU,1,Witch's Tit,adult,unknown,580,red,14,566,50.65,38.16,53,191,none,383.534,383.534,2.58380387,NA,NA,NA
10-Aug-15,2015,TH15_014,Atlantic Puffin,Fratercula arctica,ATPU,1,Witch's Tit,adult,unknown,445,black,21,424,46.13,32.18,41,172,none,183.3409,183.3409,2.263259359,NA,NA,NA
29-Jul-15,2015,TH15_015,Atlantic Puffin,Fratercula arctica,ATPU,1,Witch's Tit,adult,unknown,490,black,21,469,47.89,34.54,41,168,none,271.0877,271.0877,2.433109813,NA,NA,NA
27-Jul-15,2015,TH15_017,Atlantic Puffin,Fratercula arctica,ATPU,1,Witch's Tit,adult,unknown,none,none,none,none,47.39,35.19,49,180,none,258.111,258.111,2.411806513,NA,NA,NA
15-Jul-15,2015,TH15_019,Atlantic Puffin,Fratercula arctica,ATPU,1,Witch's Tit,adult,male?,520,black,21,499,none,none,49,181,none,264.66465,264.66465,2.422695939,NA,NA,NA
29-Jul-15,2015,TH15_020,Atlantic Puffin,Fratercula arctica,ATPU,1,Witch's Tit,adult,unknown,650,black,21,629,52,36.62,52,185,none,325.4885,325.4885,2.512535649,NA,NA,NA
15-Jul-15,2015,TH15_021,Atlantic Puffin,Fratercula arctica,ATPU,1,Witch's Tit,adult,male?,565,black,21,544,none,none,52,187,none,360.2356,360.2356,2.556586629,NA,NA,NA
15-Jul-15,2015,TH15_022,Atlantic Puffin,Fratercula arctica,ATPU,1,Witch's Tit,adult,female?,515,black,21,494,none,none,40,179,none,207.3428,207.3428,2.316688959,NA,NA,NA
20-Jul-15,2015,TH15_032,Atlantic Puffin,Fratercula arctica,ATPU,1,Witch's Tit,adult,unknown,570,black,21,549,50.5,36.02,52,189,none,424.1671,424.1671,2.62753698,NA,NA,NA
29-Jul-15,2015,TH15_034,Atlantic Puffin,Fratercula arctica,ATPU,1,Witch's Tit,adult,unknown,500,black,21,479,49.32,36.55,51,185,none,197.5634,197.5634,2.295706492,NA,NA,NA
20-Jul-15,2015,TH15_035,Atlantic Puffin,Fratercula arctica,ATPU,1,Witch's Tit,adult,unknown,560,black,21,539,52.34,36.52,53,189,none,289.4444,289.4444,2.461565152,NA,NA,NA
29-Jul-15,2015,TH15_037,Atlantic Puffin,Fratercula arctica,ATPU,1,Witch's Tit,adult,unknown,510,black,21,489,48.54,37.42,47,176,none,333.2561,333.2561,2.522778108,NA,NA,NA
27-Jul-15,2015,TH15_038,Atlantic Puffin,Fratercula arctica,ATPU,1,Witch's Tit,adult,unknown,545,black,21,524,50.8,39.11,55,184,none,201.4942,201.4942,2.30426255,NA,NA,NA
31-Jul-15,2015,TH15_041,Atlantic Puffin,Fratercula arctica,ATPU,1,Witch's Tit,adult,unknown,560,black,21,539,51.38,36.98,50,188,none,236.7737,236.7737,2.374333461,NA,NA,NA
10-Aug-15,2015,TH15_042,Atlantic Puffin,Fratercula arctica,ATPU,1,Witch's Tit,adult,unknown,585,black,21,564,51.57,35.8,49,180,none,326.2474,326.2474,2.513547059,NA,NA,NA
31-Jul-15,2015,TH15_045,Atlantic Puffin,Fratercula arctica,ATPU,1,Witch's Tit,adult,unknown,535,black,21,514,52.9,35.56,42,178,none,150.4212,150.4212,2.177309049,NA,NA,NA
27-Jul-15,2015,TH15_046,Atlantic Puffin,Fratercula arctica,ATPU,1,Witch's Tit,adult,unknown,535,black,21,514,51.23,35.22,50,186,none,280.3162,280.3162,2.447648197,NA,NA,NA
16-Jul-16,2016,TH16_011,Atlantic Puffin,Fratercula arctica,ATPU,1,Witch's Tit,adult,male,630,red,14,616,52.57,38.29,50,185,NA,430.877,430.877,2.634353312,-20.09,14.07,1.148294097
18-Jul-17,2017,TH17_023,Atlantic Puffin,Fratercula arctica,ATPU,1,Witch's Tit,adult,female?,540,red,14,526,50.4,35.54,45,182,84.98,352.62,352.62,2.547306941,-20.21,14.24,1.153509989
18-Jul-17,2017,TH17_024,Atlantic Puffin,Fratercula arctica,ATPU,1,Witch's Tit,adult,male?,540,red,14,526,50.85,35.99,50,181,84.76,514.345,514.345,2.711254522,-20.24,13.77,1.13893394
26-Jul-19,2019,TH19_050,Atlantic Puffin,Fratercula arctica,ATPU,1,witch's tit,adult,unknown,485,black,21,464,49.34,37.92,45,168,78.28,215.486,215.486,2.33341906,-20.31,14.31,1.155639634
26-Jul-19,2019,TH19_062,Atlantic Puffin,Fratercula arctica,ATPU,1,witch's tit,adult,unknown,560,red,15,552,46.8,39.2,54,193,87.41,288.38,288.38,2.459965137,-20.36,13.59,1.133219457
26-Jul-19,2019,TH19_063,Atlantic Puffin,Fratercula arctica,ATPU,1,witch's tit,adult,unknown,580,red,15,572,44.58,39.51,46,186,82.4,377.097,377.097,2.576453077,-20.55,14.01,1.146438135
26-Jul-19,2019,TH19_064,Atlantic Puffin,Fratercula arctica,ATPU,1,witch's tit,adult,unknown,365,red,15,357,42.12,33.53,45,163,76.47,303.846,303.846,2.482653523,-19.96,14.32,1.155943018
26-Jul-19,2019,TH19_065,Atlantic Puffin,Fratercula arctica,ATPU,1,witch's tit,adult,unknown,410,red,15,402,44.19,34.76,44,171,80.06,486.821,486.821,2.687369304,-20.32,14.21,1.152594078
28-Jul-19,2019,TH19_067,Atlantic Puffin,Fratercula arctica,ATPU,1,witch's tit,adult,unknown,530,red,15,522,49.63,38.31,47,186,78.73,250.15,250.15,2.398200507,-20.05,14.13,1.150142162
6-Aug-19,2019,TH19_103,Atlantic Puffin,Fratercula arctica,ATPU,1,witch's tit,adult,unknown,475,red,15,460,50,37.88,46,179,86,382.529,382.529,2.582664365,-20.7,14,1.146128036
3-Jul-10,2010,TH2010_003,Black Guillemot,Cepphus grylle,BLGU,2,Witches Tit,adult,unknown,390,black,21,369,28.62,36.75,none,165,NA,619.0701,619.0701,2.791739829,-19.43,14.26,1.154119526
3-Jul-10,2010,TH2010_004,Black Guillemot,Cepphus grylle,BLGU,2,Witches Tit,adult,unknown,390,black,21,369,28.86,36.27,none,173,NA,600.8742,600.8742,2.778783557,-18.7,13.5,1.130333768
3-Jul-10,2010,TH2010_006,Black Guillemot,Cepphus grylle,BLGU,2,Witches Tit,adult,unknown,430,black,21,409,24.92,36.89,none,176,NA,528.16775,528.16775,2.72277188,-18.33,14.36,1.15715444
5-Jul-10,2010,TH2010_033,Black Guillemot,Cepphus grylle,BLGU,2,Witches Tit,adult,unknown,430,black,21,409,26.97,39.19,none,170,NA,545.2123,545.2123,2.736565645,-18.6,15.14,1.180125875
5-Jul-10,2010,TH2010_038,Black Guillemot,Cepphus grylle,BLGU,2,Witches Tit,adult,unknown,420,black,21,399,27.22,35.32,none,172,NA,440.1489,440.1489,2.643599621,-18.63,14.31,1.155639634
30-Jul-10,2010,TH2010_098,Black Guillemot,Cepphus grylle,BLGU,2,Witches Tit,adult,unknown,400,red,14,386,25.86,38.4,none,169,NA,684.401,684.401,2.835310635,-18.4,14.68,1.166726056
27-Jul-10,2010,TH2010_100,Black Guillemot,Cepphus grylle,BLGU,2,Witches Tit,adult,unknown,460,black,21,439,28.07,38.45,none,158,NA,681.2207,681.2207,2.833287836,-18.86,14.84,1.1714339010000001
30-Jul-10,2010,TH2010_303,Black Guillemot,Cepphus grylle,BLGU,2,Witches Tit,adult,unknown,435,red,14,421,26.18,36.16,none,165,NA,484.1452,484.1452,2.68497563,-18.34,14.59,1.164055292
30-Jul-10,2010,TH2010_311,Black Guillemot,Cepphus grylle,BLGU,2,Witches Tit,adult,unknown,370,red,14,356,27.94,38.55,none,162,NA,562.6915,562.6915,2.750270355,-18.73,14.2,1.152288344
30-Jul-10,2010,TH2010_312,Black Guillemot,Cepphus grylle,BLGU,2,Witches Tit,adult,unknown,435,black,21,414,28.28,38.26,none,169,NA,1140.511,1140.511,3.057099478,-18.75,14.51,1.161667412
30-Jul-10,2010,TH2010_313,Black Guillemot,Cepphus grylle,BLGU,2,Witches Tit,adult,unknown,410,red,14,396,28.97,36.16,none,162,NA,625.7471,625.7471,2.796398846,-18.61,14.59,1.164055292
30-Jul-10,2010,TH2010_314,Black Guillemot,Cepphus grylle,BLGU,2,Witches Tit,adult,unknown,360,red,14,346,29.76,36.26,none,164,NA,830.0526,830.0526,2.919105614,-18.67,14.78,1.169674434
30-Jul-10,2010,TH2010_315,Black Guillemot,Cepphus grylle,BLGU,2,Witches Tit,adult,unknown,420,red,14,406,30.53,39.36,none,169,NA,823.1353,823.1353,2.915471227,-18.92,13.76,1.138618434
30-Jul-10,2010,TH2010_316,Black Guillemot,Cepphus grylle,BLGU,2,Witches Tit,adult,unknown,460,red,14,446,28.1,37.44,none,164,NA,589.2092,589.2092,2.770269519,-18.79,15.17,1.180985581
30-Jul-10,2010,TH2010_317,Black Guillemot,Cepphus grylle,BLGU,2,Witches Tit,adult,unknown,430,black,21,409,29.07,35.28,none,173,NA,764.3309,764.3309,2.883281417,-18.54,14.99,1.175801633
30-Jul-10,2010,TH2010_318,Black Guillemot,Cepphus grylle,BLGU,2,Witches Tit,adult,unknown,none,NA,NA,NA,28.92,37.15,none,172,NA,983.6257,983.6257,2.992829867,-18.8,14.58,1.163757524
30-Jul-10,2010,TH2010_320,Black Guillemot,Cepphus grylle,BLGU,2,Witches Tit,adult,unknown,455,red,14,441,30.22,37.17,none,163,NA,576.9229,576.9229,2.761117778,-18.65,13.8,1.139879086
13-Jul-12,2012,TH12_B003,Black Guillemot,Cepphus grylle,BLGU,2,Saunders Island- beach,adult,unknown,430,red,14,416,30.98,36.75,--,166,NA,365.714,365.714,2.563141586,NA,NA,NA
13-Jul-12,2012,TH12_B004,Black Guillemot,Cepphus grylle,BLGU,2,Saunders Island- beach,adult,unknown,400,red,14,386,28.32,37.46,--,166,NA,541.576,541.576,2.73365941,-18.78,13.85,1.141449773
20-Jul-13,2013,TH13-017,Black Guillemot,Cepphus grylle,BLGU,2,Witch's Tit,adult,unknown,405,red bag,14,391,26.62,36.89,46,165,NA,627.93625,627.93625,2.797915555,-19.69,13.86,1.14176323
20-Jul-13,2013,TH13-018,Black Guillemot,Cepphus grylle,BLGU,2,Witch's Tit,adult,unknown,470,red bag,14,456,26.51,37.97,54,167,NA,491.5517,491.5517,2.691569202,-18.8,14.11,1.149527014
20-Jul-13,2013,TH13-021,Black Guillemot,Cepphus grylle,BLGU,2,Saunder's (beach),adult,unknown,355,red bag,14,341,24.93,35.54,45,160,NA,434.4425,434.4425,2.637932304,-18.69,13.56,1.13225969
20-Jul-13,2013,TH13-022,Black Guillemot,Cepphus grylle,BLGU,2,Saunder's (beach),adult,unknown,430,red bag,14,416,29,36.94,50,169,NA,515.60745,515.60745,2.712319184,-19.55,14.48,1.160768562
20-Jul-13,2013,TH13-024,Black Guillemot,Cepphus grylle,BLGU,2,Saunder's (beach),adult,unknown,365,red bag,14,351,26.31,35.47,59,164,NA,1165.475,1165.475,3.066502962,NA,NA,NA
11-Jul-14,2014,TH14_060,Black Guillemot,Cepphus grylle,BLGU,2,Saunders Island,adult,unknown,405,black,48,357,26.99,38.55,44,168,NA,598.7841,598.7841,2.77727026,-20.09,14.78,1.169674434
11-Jul-14,2014,TH14_062,Black Guillemot,Cepphus grylle,BLGU,2,Saunders Island,adult,unknown,365,black,48,317,25.68,36.05,46,166,NA,498.7277,498.7277,2.69786349,-18.81,13.85,1.141449773
15-Jul-15,2015,TH15_026,Black Guillemot,Cepphus grylle,BLGU,2,Saunders Island,adult,unknown,335,red,14,321,27.27,33.74,45,170,none,809.0118,809.0118,2.907954856,NA,NA,NA
16-Jul-16,2016,TH16_012,Black Guillemot,Cepphus grylle,BLGU,2,Witch's Tit,adult,unknown,425,red,14,411,26.1,37.12,51,173,NA,1092.308,1092.308,3.038345114,NA,NA,NA
2-Jul-18,2018,TH18-010,Black Guillemot,Cepphus grylle,BLGU,2,Saunders,adult,Unknown,NA,NA,NA,NA,NA,NA,NA,NA,NA,477.251,477.251,2.678746847,-18.44,14.84,1.1714339010000001
2-Jul-18,2018,TH18-014,Black Guillemot,Cepphus grylle,BLGU,2,Saunders,adult,Unknown,NA,NA,NA,NA,NA,NA,NA,NA,NA,537.035,537.035,2.730002591,-19.08,13.92,1.143639235
2-Jul-18,2018,TH18-017,Black Guillemot,Cepphus grylle,BLGU,2,Saunders,adult,Unknown,NA,NA,NA,NA,NA,NA,NA,NA,NA,630.406,630.406,2.799620338,-18.34,14.98,1.175511813
7-Jul-18,2018,TH18-019,Black Guillemot,Cepphus grylle,BLGU,2,Witch's tit,adult,Unknown,NA,NA,NA,NA,NA,NA,NA,NA,NA,460,460,2.662757832,-19,14.7,1.167317335
7-Jul-18,2018,TH18-020,Black Guillemot,Cepphus grylle,BLGU,2,Witch's tit,Adult,Unknown,NA,NA,NA,NA,NA,NA,NA,NA,NA,503.169,503.169,2.701713877,-18.39,14.4,1.158362492
7-Jul-18,2018,TH18-023,Black Guillemot,Cepphus grylle,BLGU,2,Witch's tit,Adult,Unknown,NA,NA,NA,NA,NA,NA,NA,NA,NA,591.186,591.186,2.771724141,-19.32,14.82,1.170848204
15-Jul-19,2019,TH19_034,Black Guillemot,Cepphus grylle,BLGU,2,witch's tit,adult,unknown,415,black,21,394,26.43,36.64,48,170,76.79,641.131,641.131,2.806946776,-19.04,14.18,1.151676231
15-Jul-19,2019,TH19_036,Black Guillemot,Cepphus grylle,BLGU,2,witch's tit,adult,unknown,410,black,21,389,27.07,37.9,49,164,77.01,412.32,412.32,2.615234401,-20.29,13.07,1.116275588
15-Jul-19,2019,TH19_038,Black Guillemot,Cepphus grylle,BLGU,2,witch's tit,adult,unknown,430,black,21,409,28.6,40.96,45,163,82.01,795.263,795.263,2.900510777,-19.16,14.89,1.172894698
15-Jul-19,2019,TH19_039,Black Guillemot,Cepphus grylle,BLGU,2,witch's tit,adult,unknown,400,black,21,379,29.46,34.45,46,164,76.52,650.636,650.636,2.813338089,-19.8,13.82,1.140508043
26-Jul-19,2019,TH19_066,Black Guillemot,Cepphus grylle,BLGU,2,witch's tit,adult,unknown,370,red,15,355,29.97,36.58,46,163,77.8,900.686,900.686,2.954573412,-19.21,14.49,1.161068385
28-Jul-19,2019,TH19_068,Black Guillemot,Cepphus grylle,BLGU,2,witch's tit,adult,unknown,395,red,15,380,24.39,35.01,45,170,75.25,618.036,618.036,2.791013773,-19.2,13.92,1.143639235
28-Jul-19,2019,TH19_069,Black Guillemot,Cepphus grylle,BLGU,2,witch's tit,adult,unknown,400,red,15,392,28.42,38.09,49,175,78.46,907.923,907.923,2.958049018,-19.21,14.6,1.164352856
25-Jul-22,2022,TH22-108,Black Guillemot,Cepphus grylle,BLGU,2,Witches Tit,adult,unknown,430,black,21,409,29.64,39.08,47,159,78.86,470.65,454.47017,2.672698063,-19.33,13.94,1.144262774
9-Jul-23,2023,TH23_013,Black Guillemot,Cepphus grylle,BLGU,2,Witch's Tit,adult,unknown,400,black,21,379,25.62,36.63,40,171,82.16,293,286.0935,2.46686762,NA,NA,NA
9-Jul-23,2023,TH23_014,Black Guillemot,Cepphus grylle,BLGU,2,Witch's Tit,adult,unknown,400,black,21,379,28.57,38.31,50,168,79.13,589.25,566.87925,2.770299591,-19.96,13.65,1.135132651
9-Jul-23,2023,TH23_015,Black Guillemot,Cepphus grylle,BLGU,2,Witch's Tit,adult,unknown,350,black,21,329,23.91,37.23,45,164,75.28,815.8,781.60334,2.911583701,-19.87,13.4,1.127104798
9-Jul-23,2023,TH23_016,Black Guillemot,Cepphus grylle,BLGU,2,Witch's Tit,adult,unknown,400,black,21,379,29.75,35.93,46,162,79.24,516.7,498.11636,2.713238462,-19.35,14.06,1.147985321
9-Jul-23,2023,TH23_017,Black Guillemot,Cepphus grylle,BLGU,2,Witch's Tit,adult,unknown,420,black,21,399,28.04,38.06,49,178,83.69,849.95,813.97071,2.929393378,-19.37,14.61,1.164650216
9-Jul-23,2023,TH23_018,Black Guillemot,Cepphus grylle,BLGU,2,Witch's Tit,adult,unknown,380,black,21,359,30.24,35.59,45,166,78.25,746.55,715.96819,2.8730589,-18.99,13.5,1.130333768
9-Jul-23,2023,TH23_019,Black Guillemot,Cepphus grylle,BLGU,2,Witch's Tit,adult,unknown,420,black,21,399,28.29,36,45,162,76.44,488.125,471.032975,2.688531051,-19.17,13.67,1.135768515
9-Jul-23,2023,TH23_020,Black Guillemot,Cepphus grylle,BLGU,2,Witch's Tit,adult,unknown,370,black,21,349,26.51,38.74,45,163,77.08,437.3,422.86104,2.640779477,-19.1,12.93,1.111598525
9-Jul-23,2023,TH23_021,Black Guillemot,Cepphus grylle,BLGU,2,Witch's Tit,adult,unknown,400,black,21,379,28.24,35.01,49,166,78.02,925.75,885.81395,2.966493721,-19.38,14.28,1.154728207
9-Jul-23,2023,TH23_022,Black Guillemot,Cepphus grylle,BLGU,2,Witch's Tit,adult,unknown,380,black,21,359,25.65,34.42,47,161,73.29,394.7,382.48476,2.596267126,-19.27,14.02,1.146748014
9-Jul-23,2023,TH23_027,Black Guillemot,Cepphus grylle,BLGU,2,Witch's Tit,adult,unknown,410,black,21,389,26.26,33.53,51,163,72.79,330.85,321.96773,2.519631139,-19.41,13.56,1.13225969
21-Jul-23,2023,TH23_058,Black Guillemot,Cepphus grylle,BLGU,2,Witch's Tit,adult,unknown,420,black,21,399,28.87,34.7,50,167,79.69,486.85,469.82453,2.687395174,-19.47,13.14,1.118595365
21-Jul-23,2023,TH23_059,Black Guillemot,Cepphus grylle,BLGU,2,Witch's Tit,adult,unknown,410,black,21,389,26.96,38.05,51,169,67.45,320.55,312.20539,2.505895781,NA,NA,NA
21-Jul-23,2023,TH23_060,Black Guillemot,Cepphus grylle,BLGU,2,Witch's Tit,adult,unknown,455,black,21,434,26.01,34.69,48,168,73.65,483.75,466.88635,2.684620978,-19.11,13.56,1.13225969
21-Jul-23,2023,TH23_061,Black Guillemot,Cepphus grylle,BLGU,2,Witch's Tit,adult,unknown,420,black,21,399,28.48,37.86,44,159,76.29,449.55,434.47159,2.652778002,-19.58,12.8,1.10720997
21-Jul-23,2023,TH23_062,Black Guillemot,Cepphus grylle,BLGU,2,Witch's Tit,adult,unknown,390,black,21,369,29.71,35.33,54,168,77.8,367,356.2307,2.564666064,-19.09,12.42,1.094121596
21-Jul-23,2023,TH23_063,Black Guillemot,Cepphus grylle,BLGU,2,Witch's Tit,adult,unknown,400,black,21,379,27.98,29.31,41,154,77.15,540.125,520.318575,2.732494279,-19.22,13.18,1.11991541
21-Jul-23,2023,TH23_064,Black Guillemot,Cepphus grylle,BLGU,2,Witch's Tit,adult,unknown,410,black,21,389,24.23,32.64,46,169,78.81,548.45,528.20901,2.739137041,NA,NA,NA
21-Jul-23,2023,TH23_065,Black Guillemot,Cepphus grylle,BLGU,2,Witch's Tit,adult,unknown,400,black,21,379,25.31,34.25,49,162,69.32,500.5,482.762,2.699404082,-20.01,13.41,1.127428778
21-Jul-23,2023,TH23_066,Black Guillemot,Cepphus grylle,BLGU,2,Witch's Tit,adult,unknown,370,black,21,349,29.19,35.23,48,164,74.93,630.9,606.35512,2.799960527,-19.7,14.15,1.15075644
21-Jul-23,2023,TH23_067,Black Guillemot,Cepphus grylle,BLGU,2,Witch's Tit,adult,unknown,420,black,21,399,27.71,32.65,47,167,76.61,510.6,492.33478,2.70808081,-19.33,13.71,1.137037455
4-Jul-10,2010,TH2010_007,Black-legged Kittiwake,Rissa tridactyla,BLKI,3,Saunders Island,adult,unknown,400,black,21,379,35.81,40.84,none,310,NA,298.416,298.416,2.474822105,NA,NA,NA
4-Jul-10,2010,TH2010_008,Black-legged Kittiwake,Rissa tridactyla,BLKI,3,Saunders Island,adult,unknown,430,black,21,409,34.7,42.12,none,305,NA,323.368,323.368,2.509697041,NA,NA,NA
4-Jul-10,2010,TH2010_009,Black-legged Kittiwake,Rissa tridactyla,BLKI,3,Saunders Island,adult,unknown,390,black,21,369,31.29,37.8,none,298,NA,260.1294,260.1294,2.415189439,-20.03,14.98,1.175511813
4-Jul-10,2010,TH2010_010,Black-legged Kittiwake,Rissa tridactyla,BLKI,3,Saunders Island,adult,unknown,360,black,21,339,33.09,36.91,none,295,NA,361.0263667,361.0263667,2.557538921,-20.14,14.81,1.170555059
4-Jul-10,2010,TH2010_011,Black-legged Kittiwake,Rissa tridactyla,BLKI,3,Saunders Island,adult,unknown,390,black,21,369,32.58,39.33,none,297,NA,201.92,201.92,2.305179338,NA,NA,NA
4-Jul-10,2010,TH2010_012,Black-legged Kittiwake,Rissa tridactyla,BLKI,3,Saunders Island,adult,unknown,390,black,21,369,32.07,40.62,none,295,NA,228.3941,228.3941,2.358684881,-19.77,14.8,1.170261715
4-Jul-10,2010,TH2010_013,Black-legged Kittiwake,Rissa tridactyla,BLKI,3,Saunders Island,adult,unknown,380,black,21,359,32.08,38.68,none,294,NA,292.549,292.549,2.466198618,-20.07,15.44,1.188647296
4-Jul-10,2010,TH2010_014,Black-legged Kittiwake,Rissa tridactyla,BLKI,3,Saunders Island,adult,unknown,410,black,21,389,33.56,41.34,none,289,NA,216.2328,216.2328,2.334921572,-19.9,15.57,1.192288613
4-Jul-10,2010,TH2010_015,Black-legged Kittiwake,Rissa tridactyla,BLKI,3,Saunders Island,adult,unknown,410,black,21,389,33.64,41.12,none,295,NA,265.3507,265.3507,2.423820238,-20.01,14.35,1.156851901
4-Jul-10,2010,TH2010_016,Black-legged Kittiwake,Rissa tridactyla,BLKI,3,Saunders Island,adult,unknown,390,black,21,369,33.18,37.57,none,297,NA,329.1001,329.1001,2.517328014,NA,NA,NA
4-Jul-10,2010,TH2010_017,Black-legged Kittiwake,Rissa tridactyla,BLKI,3,Saunders Island,adult,unknown,420,black,21,399,35.03,40.87,none,310,NA,281.7155,281.7155,2.449810743,NA,NA,NA
4-Jul-10,2010,TH2010_018,Black-legged Kittiwake,Rissa tridactyla,BLKI,3,Saunders Island,adult,unknown,380,black,21,359,31.02,39.99,none,307,NA,206.5884,206.5884,2.315105932,-20.47,14.1,1.149219113
4-Jul-10,2010,TH2010_019,Black-legged Kittiwake,Rissa tridactyla,BLKI,3,Saunders Island,adult,unknown,400,black,21,379,34.14,40.52,none,302,NA,312.9986,312.9986,2.495542395,NA,NA,NA
4-Jul-10,2010,TH2010_020,Black-legged Kittiwake,Rissa tridactyla,BLKI,3,Saunders Island,adult,unknown,360,black,21,339,29.71,37.63,none,293,NA,210.2986,210.2986,2.322836382,-19.9,14.45,1.159867847
4-Jul-10,2010,TH2010_021,Black-legged Kittiwake,Rissa tridactyla,BLKI,3,Saunders Island,adult,unknown,360,black,21,339,32.36,36.95,none,304,NA,224.3582,224.3582,2.350941947,NA,NA,NA
4-Jul-10,2010,TH2010_022,Black-legged Kittiwake,Rissa tridactyla,BLKI,3,Saunders Island,adult,unknown,430,black,21,409,33.73,39.67,none,320,NA,336.7569,336.7569,2.527316503,-20.02,13.97,1.145196406
4-Jul-10,2010,TH2010_023,Black-legged Kittiwake,Rissa tridactyla,BLKI,3,Saunders Island,adult,unknown,380,black,21,359,30.19,38.66,none,311,NA,317.00395,317.00395,2.501064674,NA,NA,NA
4-Jul-10,2010,TH2010_024,Black-legged Kittiwake,Rissa tridactyla,BLKI,3,Saunders Island,adult,unknown,410,black,21,389,33.69,39.39,none,308,NA,278.272,278.272,2.444469509,NA,NA,NA
4-Jul-10,2010,TH2010_025,Black-legged Kittiwake,Rissa tridactyla,BLKI,3,Saunders Island,adult,unknown,410,black,21,389,31.88,41.1,none,310,NA,226.6291,226.6291,2.355315674,-20.46,15.14,1.180125875
4-Jul-10,2010,TH2010_026,Black-legged Kittiwake,Rissa tridactyla,BLKI,3,Saunders Island,adult,unknown,410,black,21,389,35.39,40.34,none,307,NA,330.9475,330.9475,2.519759105,-20.05,14.51,1.161667412
4-Jul-10,2010,TH2010_027,Black-legged Kittiwake,Rissa tridactyla,BLKI,3,Saunders Island,adult,unknown,380,black,21,359,32.49,39.47,none,303,NA,215.123,215.123,2.332686846,NA,NA,NA
4-Jul-10,2010,TH2010_028,Black-legged Kittiwake,Rissa tridactyla,BLKI,3,Saunders Island,adult,unknown,380,black,21,359,30.98,40.57,none,296,NA,195.0856,195.0856,2.290225214,NA,NA,NA
4-Jul-10,2010,TH2010_029,Black-legged Kittiwake,Rissa tridactyla,BLKI,3,Saunders Island,adult,unknown,350,black,21,329,31.96,40.08,none,295,NA,216.3029,216.3029,2.335062342,NA,NA,NA
4-Jul-10,2010,TH2010_030,Black-legged Kittiwake,Rissa tridactyla,BLKI,3,Saunders Island,adult,unknown,380,black,21,359,31.76,36.6,none,305,NA,194.1951,194.1951,2.288238267,NA,NA,NA
9-Jul-11,2011,TH2011_008,Black-legged Kittiwake,Rissa tridactyla,BLKI,3,Saunder's Island,adult,unknown,420,black,20,400,31.42,39.65,none,321,NA,423.63735,423.63735,2.626994243,-19.49,14.42,1.15896526
9-Jul-11,2011,TH2011_009,Black-legged Kittiwake,Rissa tridactyla,BLKI,3,Saunder's Island,adult,unknown,405,black,20,385,35.17,39.66,none,310,NA,294.7114,294.7114,2.469396936,-19.35,14.53,1.162265614
9-Jul-11,2011,TH2011_012,Black-legged Kittiwake,Rissa tridactyla,BLKI,3,Saunder's Island,adult,unknown,360,black,20,340,32.7,37.7,none,300,NA,342.9441,342.9441,2.535223336,-19.71,14.46,1.160168293
9-Jul-11,2011,TH2011_015,Black-legged Kittiwake,Rissa tridactyla,BLKI,3,Saunder's Island,adult,unknown,360,black,20,340,30.65,39.91,none,301,NA,286.52,286.52,2.457154942,-19.86,14.09,1.148910993
9-Jul-11,2011,TH2011_016,Black-legged Kittiwake,Rissa tridactyla,BLKI,3,Saunder's Island,adult,unknown,430,black,20,410,35.96,41.82,none,321,NA,309.9671,309.9671,2.4913156,-19.66,14,1.146128036
9-Jul-11,2011,TH2011_019,Black-legged Kittiwake,Rissa tridactyla,BLKI,3,Saunder's Island,adult,unknown,470,black,20,450,36.79,41.49,none,314,NA,406.9851,406.9851,2.60957851,-19.42,14.32,1.155943018
9-Jul-11,2011,TH2011_020,Black-legged Kittiwake,Rissa tridactyla,BLKI,3,Saunder's Island,adult,unknown,440,black,20,420,34.37,40.92,none,440,NA,276.093,276.093,2.441055396,-19.33,15.02,1.176669933
9-Jul-11,2011,TH2011_021,Black-legged Kittiwake,Rissa tridactyla,BLKI,3,Saunder's Island,adult,unknown,420,black,20,400,35.07,40.79,none,316,NA,317.6063,317.6063,2.501889108,-19.72,14.38,1.157758886
9-Jul-11,2011,TH2011_024,Black-legged Kittiwake,Rissa tridactyla,BLKI,3,Saunder's Island,adult,unknown,380,black,20,360,31.83,37.92,none,300,NA,259.933,259.933,2.414861419,-19.82,14.19,1.151982395
9-Jul-11,2011,TH2011_026,Black-legged Kittiwake,Rissa tridactyla,BLKI,3,Saunder's Island,adult,unknown,445,black,20,425,36.43,40.7,none,320,NA,398.57,398.57,2.600504607,NA,NA,NA
16-Jul-11,2011,TH2011_033,Black-legged Kittiwake,Rissa tridactyla,BLKI,3,Saunder's Island,adult,unknown,400,black,20,380,32.86,37.24,none,311,NA,300.2061,300.2061,2.477419513,-20.39,13.77,1.13893394
16-Jul-11,2011,TH2011_035,Black-legged Kittiwake,Rissa tridactyla,BLKI,3,Saunder's Island,adult,unknown,400,black,20,380,32.71,39.32,none,303,NA,193.1127,193.1127,2.285810836,-20.29,13.4,1.127104798
27-Jul-11,2011,TH2011_150,Black-legged Kittiwake,Rissa tridactyla,BLKI,3,Saunder's Island,adult,unknown,365,black,20,345,32.14,39.87,NA,296,NA,208.0407,208.0407,2.318148306,-21.1,13.22,1.121231455
27-Jul-11,2011,TH2011_151,Black-legged Kittiwake,Rissa tridactyla,BLKI,3,Saunder's Island,adult,unknown,370,black,20,350,30.35,38.81,NA,306,NA,188.845,188.845,2.276105491,-20.29,14.41,1.158663981
27-Jul-11,2011,TH2011_152,Black-legged Kittiwake,Rissa tridactyla,BLKI,3,Saunder's Island,adult,unknown,420,black,20,400,34.18,41.19,NA,316,NA,280.3648,280.3648,2.447723487,NA,NA,NA
27-Jul-11,2011,TH2011_153,Black-legged Kittiwake,Rissa tridactyla,BLKI,3,Saunder's Island,adult,unknown,430,black,20,410,34.34,41.42,NA,305,NA,287.5663,287.5663,2.45873799,-20.51,13.77,1.13893394
27-Jul-11,2011,TH2011_154,Black-legged Kittiwake,Rissa tridactyla,BLKI,3,Saunder's Island,adult,unknown,330,black,20,310,33.19,39.19,NA,291,NA,236.7973,236.7973,2.374376746,-20.34,14.79,1.169968174
27-Jul-11,2011,TH2011_155,Black-legged Kittiwake,Rissa tridactyla,BLKI,3,Saunder's Island,adult,unknown,450,black,20,430,35.27,40.85,NA,326,NA,299.31525,299.31525,2.476128845,-20.39,14.73,1.168202747
27-Jul-11,2011,TH2011_156,Black-legged Kittiwake,Rissa tridactyla,BLKI,3,Saunder's Island,adult,unknown,460,black,20,440,33.96,39.58,NA,307,NA,302.0007,302.0007,2.48000795,-20.35,14.26,1.154119526
27-Jul-11,2011,TH2011_157,Black-legged Kittiwake,Rissa tridactyla,BLKI,3,Saunder's Island,adult,unknown,350,black,20,330,31.52,39.43,NA,301,NA,219.714,219.714,2.341857731,-20.53,14.03,1.147057671
27-Jul-11,2011,TH2011_158,Black-legged Kittiwake,Rissa tridactyla,BLKI,3,Saunder's Island,adult,unknown,370,black,20,350,33.64,39.52,NA,304,NA,206.961,206.961,2.315888514,-20.76,13.76,1.138618434
27-Jul-11,2011,TH2011_159,Black-legged Kittiwake,Rissa tridactyla,BLKI,3,Saunder's Island,adult,unknown,450,black,20,430,33.91,40.73,NA,311,NA,307.1528,307.1528,2.487354479,-20.65,13.55,1.131939295
27-Jul-11,2011,TH2011_160,Black-legged Kittiwake,Rissa tridactyla,BLKI,3,Saunder's Island,adult,unknown,410,black,20,390,33.65,41.15,NA,306,NA,136.50135,136.50135,2.135136947,-20.62,13.35,1.125481266
27-Jul-11,2011,TH2011_161,Black-legged Kittiwake,Rissa tridactyla,BLKI,3,Saunder's Island,adult,unknown,450,black,20,430,33.43,42,NA,315,NA,219.0781,219.0781,2.340598966,-20.05,14,1.146128036
27-Jul-11,2011,TH2011_162,Black-legged Kittiwake,Rissa tridactyla,BLKI,3,Saunder's Island,adult,unknown,350,black,20,330,33.42,40.61,NA,301,NA,300.153,300.153,2.477342688,-20.9,13.27,1.122870923
27-Jul-11,2011,TH2011_163,Black-legged Kittiwake,Rissa tridactyla,BLKI,3,Saunder's Island,adult,unknown,370,black,20,350,30.92,35.49,NA,293,NA,165.3198,165.3198,2.218324871,-20.82,13.3,1.123851641
6-Aug-11,2011,TH2011_216,Black-legged Kittiwake,Rissa tridactyla,BLKI,3,Saunder's Island,adult,unknown,360,black,20,340,32.4,37.07,NA,302,NA,252.6058,252.6058,2.402443318,-20.3,14.82,1.170848204
6-Aug-11,2011,TH2011_218,Black-legged Kittiwake,Rissa tridactyla,BLKI,3,Saunder's Island,adult,unknown,410,black,20,390,35.46,42.24,NA,306,NA,191.5492,191.5492,2.282280343,-20.41,14.83,1.171141151
6-Aug-11,2011,TH2011_220,Black-legged Kittiwake,Rissa tridactyla,BLKI,3,Saunder's Island,adult,unknown,410,black,20,390,31.88,40.03,NA,316,NA,172.4028,172.4028,2.236544315,-22.1,12.71,1.104145551
6-Aug-11,2011,TH2011_222,Black-legged Kittiwake,Rissa tridactyla,BLKI,3,Saunder's Island,adult,unknown,330,black,20,310,31.72,39.86,NA,303,NA,244.3004,244.3004,2.387924178,-21.41,13.82,1.140508043
6-Aug-11,2011,TH2011_224,Black-legged Kittiwake,Rissa tridactyla,BLKI,3,Saunder's Island,adult,unknown,400,black,20,380,34.76,39.1,NA,315,NA,280.6276,280.6276,2.448130382,-20.84,13.68,1.136086097
6-Aug-11,2011,TH2011_226,Black-legged Kittiwake,Rissa tridactyla,BLKI,3,Saunder's Island,adult,unknown,400,black,20,380,33.44,39.91,NA,316,NA,166.3389,166.3389,2.220993825,-21.21,13.23,1.121559844
6-Aug-11,2011,TH2011_228,Black-legged Kittiwake,Rissa tridactyla,BLKI,3,Saunder's Island,adult,unknown,440,black,20,420,36.75,40.78,NA,315,NA,435.0366,435.0366,2.638525796,-20.2,14.41,1.158663981
6-Aug-11,2011,TH2011_229,Black-legged Kittiwake,Rissa tridactyla,BLKI,3,Saunder's Island,adult,unknown,400,black,20,380,35.52,40.46,NA,312,NA,238.9676,238.9676,2.378339022,-20.34,14.04,1.147367108
6-Aug-11,2011,TH2011_231,Black-legged Kittiwake,Rissa tridactyla,BLKI,3,Saunder's Island,adult,unknown,410,black,20,390,36.54,40.89,NA,309,NA,253.7303,253.7303,2.404372333,-21.45,13.08,1.116607744
16-Jul-12,2012,TH12_A015,Black-legged Kittiwake,Rissa tridactyla,BLKI,3,Saunders Island- beach,adult,unknown,370,black,14,356,31.59,38.23,--,293,NA,195.936,195.936,2.292114238,-20.68,13.52,1.130976692
16-Jul-12,2012,TH12_A016,Black-legged Kittiwake,Rissa tridactyla,BLKI,3,Saunders Island - ledge,adult,unknown,410,black,14,396,33.26,41.09,--,304,NA,193.35,193.35,2.286344176,-20.36,13.89,1.142702246
16-Jul-12,2012,TH12_A020,Black-legged Kittiwake,Rissa tridactyla,BLKI,3,Saunders Island - ledge,adult,unknown,370,black,14,356,34.29,37.93,--,306,NA,195.26,195.26,2.290613285,NA,NA,NA
16-Jul-12,2012,TH12_A021,Black-legged Kittiwake,Rissa tridactyla,BLKI,3,Saunders Island - rock pile,adult,unknown,410,black,14,396,32.03,37.86,--,312,NA,135,135,2.130333768,-20.63,13.08,1.116607744
16-Jul-12,2012,TH12_A022,Black-legged Kittiwake,Rissa tridactyla,BLKI,3,Saunders Island - ledge,adult,unknown,400,black,14,386,34.29,41.98,--,316,NA,250,250,2.397940009,NA,NA,NA
16-Jul-12,2012,TH12_A023,Black-legged Kittiwake,Rissa tridactyla,BLKI,3,Saunders Island - ledge,adult,unknown,370,black,14,356,30.22,36.77,--,298,NA,139.812,139.812,2.145544448,-20.54,13.12,1.117933835
16-Jul-12,2012,TH12_A024,Black-legged Kittiwake,Rissa tridactyla,BLKI,3,Saunders Island - beach,adult,unknown,380,black,14,366,30.71,38.78,--,303,NA,152,152,2.181843588,-20.73,13.5,1.130333768
17-Jul-12,2012,TH12_A026,Black-legged Kittiwake,Rissa tridactyla,BLKI,3,Saunders Island - beach,adult,unknown,365,black,14,351,31.83*,36.59,--,290,NA,139.89,139.89,2.14578667,-20.73,13.44,1.128399269
17-Jul-12,2012,TH12_A027,Black-legged Kittiwake,Rissa tridactyla,BLKI,3,Saunders Island - beach,adult,unknown,400,black,14,386,31.24,38.95,--,295,NA,167.473,167.473,2.2239448,NA,NA,NA
17-Jul-12,2012,TH12_A028,Black-legged Kittiwake,Rissa tridactyla,BLKI,3,Saunders Island - rock pile,adult,unknown,430,black,14,416,35.01,40.34,--,310,NA,359.415,359.415,2.555596198,-20.66,14.4,1.158362492
17-Jul-12,2012,TH12_A029,Black-legged Kittiwake,Rissa tridactyla,BLKI,3,Saunders Island - rock pile,adult,unknown,355,black,14,341,30.63,39.23,--,290,NA,302.841,302.841,2.481214672,-20.58,13.33,1.124830149
17-Jul-12,2012,TH12_A030,Black-legged Kittiwake,Rissa tridactyla,BLKI,3,Saunders Island - beach,adult,unknown,400,black,14,386,33.73,39.01,--,316,NA,273.465,273.465,2.43690175,-20.28,13.36,1.125806458
19-Jul-12,2012,TH12_A032,Black-legged Kittiwake,Rissa tridactyla,BLKI,3,Saunders Island - beach,adult,unknown,335,black,14,321,31.86,37.33,--,305,NA,236,236,2.372912003,-20.78,13.72,1.137354111
17-Jul-12,2012,TH12_A033,Black-legged Kittiwake,Rissa tridactyla,BLKI,3,Saunders Island - rock pile,adult,unknown,390,black,14,376,35.41,40.22,--,312,NA,268.538,268.538,2.42900575,NA,NA,NA
5-Aug-12,2012,TH12_A052,Black-legged Kittiwake,Rissa tridactyla,BLKI,3,Saunders Island - beach,adult,unknown,465,black,14,451,35.25,39.7,--,320,NA,146.425,146.425,2.165615233,-22.22,12.13,1.083860801
13-Jul-12,2012,TH12_B001,Black-legged Kittiwake,Rissa tridactyla,BLKI,3,Saunders Island- beach,adult,unknown,430,black,14,416,34.07,40.67,--,310,NA,211.295,211.295,2.32488922,-20.49,13.66,1.135450699
13-Jul-12,2012,TH12_B002,Black-legged Kittiwake,Rissa tridactyla,BLKI,3,Saunders Island- beach,adult,female?,390,black,14,376,33.09,41.51,--,294,NA,269.016,269.016,2.429778111,NA,NA,NA
13-Jul-12,2012,TH12_B005,Black-legged Kittiwake,Rissa tridactyla,BLKI,3,Saunders Island - ledge,adult,unknown,410,black,14,396,343.61,39.92,--,306,NA,283.108,283.108,2.451952142,NA,NA,NA
19-Jul-13,2013,TH13-004,Black-legged Kittiwake,Rissa tridactyla,BLKI,3,Saunder's (beach),adult,unknown,440,black bag,21,394,33.77,38.98,136,310,NA,325.9449,325.9449,2.5131441899999998,NA,NA,NA
19-Jul-13,2013,TH13-005,Black-legged Kittiwake,Rissa tridactyla,BLKI,3,Saunder's (beach),adult,unknown,375,black bag,21,329,32.05,38.09,134,309,NA,188.5169,188.5169,2.27535029,-20.62,14.07,1.148294097
19-Jul-13,2013,TH13-006,Black-legged Kittiwake,Rissa tridactyla,BLKI,3,Saunder's (beach),adult,unknown,419,black bag,21,373,34.46,38.01,146,312,NA,471.6322,471.6322,2.673603448,NA,NA,NA
19-Jul-13,2013,TH13-007,Black-legged Kittiwake,Rissa tridactyla,BLKI,3,Saunder's (beach),adult,unknown,370,black bag,21,324,33.67,38.49,141,307,NA,228.7539,228.7539,2.359368507,-20.62,14.17,1.15136985
19-Jul-13,2013,TH13-008,Black-legged Kittiwake,Rissa tridactyla,BLKI,3,Saunder's (beach),adult,unknown,439,black bag,21,393,36.33,40.08,127,322,NA,327.1341,327.1341,2.514725817,NA,NA,NA
19-Jul-13,2013,TH13-009,Black-legged Kittiwake,Rissa tridactyla,BLKI,3,Saunder's (beach),adult,unknown,395,black bag,21,349,32.3,39.14,124,295,NA,258.8137,258.8137,2.412987261,NA,NA,NA
19-Jul-13,2013,TH13-010,Black-legged Kittiwake,Rissa tridactyla,BLKI,3,Saunder's (beach),adult,unknown,375,black bag,21,329,32.97,40.61,127,298,NA,280.8333,280.8333,2.448448603,-20.46,14.45,1.159867847
19-Jul-13,2013,TH13-011,Black-legged Kittiwake,Rissa tridactyla,BLKI,3,Saunder's (ledge),adult,unknown,395,black bag,21,349,34.07,39.88,139,305,NA,343.7909,343.7909,2.536294377,NA,NA,NA
20-Jul-13,2013,TH13-019,Black-legged Kittiwake,Rissa tridactyla,BLKI,3,Saunder's (ledge),adult,unknown,415,black bag,21,369,33.58,40.22,120,312,NA,258.1233,258.1233,2.411827209,NA,NA,NA
20-Jul-13,2013,TH13-020,Black-legged Kittiwake,Rissa tridactyla,BLKI,3,Saunder's (beach),adult,unknown,420,black bag,21,374,34.85,40.7,111,312,NA,235.9703,235.9703,2.372857345,-20.65,14.76,1.169086357
20-Jul-13,2013,TH13-023,Black-legged Kittiwake,Rissa tridactyla,BLKI,3,Saunder's (beach),adult,unknown,380,black bag,21,334,34.13,36.5,135,303,NA,318.5421,318.5421,2.503166839,-20.91,14.56,1.163161375
20-Jul-13,2013,TH13-025,Black-legged Kittiwake,Rissa tridactyla,BLKI,3,Saunder's (beach),adult,unknown,430,black bag,21,384,34.57,40.64,126,309,NA,367.0408,367.0408,2.564714343,NA,NA,NA
20-Jul-13,2013,TH13-026,Black-legged Kittiwake,Rissa tridactyla,BLKI,3,Saunder's (beach),adult,unknown,450,black bag,21,404,35.92,39.75,120,335,NA,289.7639,289.7639,2.462044278,NA,NA,NA
20-Jul-13,2013,TH13-027,Black-legged Kittiwake,Rissa tridactyla,BLKI,3,Saunder's (beach),adult,unknown,355,black bag,21,309,32.4,36.52,112,303,NA,189.59415,189.59415,2.277824933,-21.07,13.82,1.140508043
20-Jul-13,2013,TH13-028,Black-legged Kittiwake,Rissa tridactyla,BLKI,3,Saunder's (beach),adult,unknown,350,black bag,21,304,32.32,37.1,125,305,NA,229.1477,229.1477,2.360115503,NA,NA,NA
20-Jul-13,2013,TH13-029,Black-legged Kittiwake,Rissa tridactyla,BLKI,3,Saunder's (beach),adult,unknown,405,black bag,21,359,34.21,40.28,139,314,NA,245.5506,245.5506,2.390141,NA,NA,NA
8-Jul-14,2014,TH14_048,Black-legged Kittiwake,Rissa tridactyla,BLKI,3,Saunder's Island,adult,unknown,400,black bag,48,352,32,36,121,303,NA,269.3943,269.3943,2.430388402,-21.15,14.43,1.159266331
8-Jul-14,2014,TH14_049,Black-legged Kittiwake,Rissa tridactyla,BLKI,3,Saunder's Island,adult,unknown,420,black bag,48,372,31.92,39.15,119,279,NA,219.3873,219.3873,2.341211483,-20.78,13.85,1.141449773
8-Jul-14,2014,TH14_052,Black-legged Kittiwake,Rissa tridactyla,BLKI,3,Saunders Island,adult,unknown,435,black,48,387,34.37,40.22,114,295,NA,285.6769,285.6769,2.455875124,-20.93,14.41,1.158663981
8-Jul-14,2014,TH14_053,Black-legged Kittiwake,Rissa tridactyla,BLKI,3,Saunders Island,adult,unknown,390,black,48,342,31.56,37.63,119,302,NA,275.642,275.642,2.440345392,-21.06,14.82,1.170848204
11-Jul-14,2014,TH14_058,Black-legged Kittiwake,Rissa tridactyla,BLKI,3,Saunders Island,adult,unknown,490,black,48,442,33.94,41.19,119,305,NA,477.4995,477.4995,2.678972921,-20.91,15.01,1.176380692
11-Jul-14,2014,TH14_059,Black-legged Kittiwake,Rissa tridactyla,BLKI,3,Saunders Island,adult,unknown,400,black,48,352,33.17,40.19,120,300,NA,318.2967,318.2967,2.502832136,-20.95,14.41,1.158663981
11-Jul-14,2014,TH14_061,Black-legged Kittiwake,NA,BLKI,3,Saunders Island,adult,unknown,430,black,48,382,36.79,40.82,122,314,NA,364.052,364.052,2.561163421,-20.96,14.56,1.163161375
11-Jul-14,2014,TH14_063,Black-legged Kittiwake,Rissa tridactyla,BLKI,3,Saunders Island,adult,unknown,425,black,48,377,32.55,38.67,120,299,NA,294.1013,294.1013,2.468496944,-20.74,14.42,1.15896526
11-Jul-14,2014,TH14_064,Black-legged Kittiwake,Rissa tridactyla,BLKI,3,Saunders Island,adult,unknown,375,black,48,327,34.28,39.48,120,306,NA,276.1192,276.1192,2.441096606,-20.76,15,1.1760912590000001
11-Jul-14,2014,TH14_065,Black-legged Kittiwake,Rissa tridactyla,BLKI,3,Saunders Island,adult,unknown,405,black,48,357,31.41,38.95,120,296,NA,320.0428,320.0428,2.505208061,-21.08,14.78,1.169674434
12-Jul-14,2014,TH14_069,Black-legged Kittiwake,Rissa tridactyla,BLKI,3,Saunders Island,adult,unknown,375,black,48,327,33.47,41.02,120,300,NA,458.8397,458.8397,2.661660987,-20.77,15.17,1.180985581
12-Jul-14,2014,TH14_071,Black-legged Kittiwake,Rissa tridactyla,BLKI,3,Saunders Island,adult,unknown,400,black,48,352,33.3,37.53,116,290,NA,296.1378,296.1378,2.471493846,-20.85,15.1,1.178976947
12-Jul-14,2014,TH14_072,Black-legged Kittiwake,Rissa tridactyla,BLKI,3,Saunders Island,adult,unknown,445,black,48,397,34.59,38.46,111,309,NA,453.244,453.244,2.656332064,-20.94,14.93,1.174059808
15-Jul-15,2015,TH15_024,Black-legged Kittiwake,Rissa tridactyla,BLKI,3,Saunders Island,adult,unknown,435,black,21,414,33.48,40.15,105,326,none,416.8964,416.8964,2.620028145,NA,NA,NA
15-Jul-15,2015,TH15_025,Black-legged Kittiwake,Rissa tridactyla,BLKI,3,Saunders Island,adult,unknown,420,black,21,399,33.09,38.76,116,322,none,275.1632,275.1632,2.439590351,NA,NA,NA
15-Jul-15,2015,TH15_027,Black-legged Kittiwake,Alle alle,BLKI,3,Saunders Island,adult,unknown,390,black,21,369,32.46,39.1,109,298,none,183.4154,183.4154,2.263435797,NA,NA,NA
15-Jul-15,2015,TH15_028,Black-legged Kittiwake,Rissa tridactyla,BLKI,3,Saunders Island,adult,unknown,385,black,21,364,33.06,39.03,125,321,none,320.11275,320.11275,2.505302972,NA,NA,NA
15-Jul-15,2015,TH15_029,Black-legged Kittiwake,Rissa tridactyla,BLKI,3,Saunders Island,adult,unknown,365,black,21,344,31.62,37.84,124,299,none,170.2128,170.2128,2.230992216,NA,NA,NA
15-Jul-15,2015,TH15_030,Black-legged Kittiwake,Rissa tridactyla,BLKI,3,Saunders Island,adult,unknown,455,black,21,434,35.43,42.24,127,310,none,280.2129,280.2129,2.447488125,NA,NA,NA
20-Jul-15,2015,TH15_031,Black-legged Kittiwake,Rissa tridactyla,BLKI,3,Saunders Island,adult,unknown,440,black,21,419,34.59,41.16,126,319,none,228.5148,228.5148,2.358914333,NA,NA,NA
20-Jul-15,2015,TH15_033,Black-legged Kittiwake,Rissa tridactyla,BLKI,3,Saunders Island,adult,unknown,435,black,21,414,34.71,41.02,129,313,none,246.9209,246.9209,2.392557851,NA,NA,NA
20-Jul-15,2015,TH15_036,Black-legged Kittiwake,Rissa tridactyla,BLKI,3,Saunders Island,adult,unknown,360,black,21,339,34.31,40.24,112,303,none,228.77440000000001,228.77440000000001,2.359407425,NA,NA,NA
20-Jul-15,2015,TH15_039,Black-legged Kittiwake,Rissa tridactyla,BLKI,3,Saunders Island,adult,unknown,425,black,21,404,34.28,39.44,110,319,none,215.2895,215.2895,2.333022849,NA,NA,NA
20-Jul-15,2015,TH15_040,Black-legged Kittiwake,Rissa tridactyla,BLKI,3,Saunders Island,adult,unknown,465,black,21,444,34.66,39.55,126,309,none,281.2825,281.2825,2.449142713,NA,NA,NA
2-Jul-18,2018,TH18-006,Black-legged Kittiwake,Rissa tridactyla,BLKI,3,Saunders,adult,Unknown,NA,NA,NA,NA,NA,NA,NA,NA,NA,457.5,457.5,2.660391098,-19.89,14.99,1.175801633
2-Jul-18,2018,TH18-007,Black-legged Kittiwake,Rissa tridactyla,BLKI,3,Saunders,adult,Unknown,NA,NA,NA,NA,NA,NA,NA,NA,NA,592.228,592.228,2.772488937,-19.79,15.07,1.178113252
2-Jul-18,2018,TH18-008,Black-legged Kittiwake,Rissa tridactyla,BLKI,3,Saunders,adult,Unknown,NA,NA,NA,NA,NA,NA,NA,NA,NA,562.411,562.411,2.750053806,NA,NA,NA
2-Jul-18,2018,TH18-009,Black-legged Kittiwake,Rissa tridactyla,BLKI,3,Saunders,adult,Unknown,NA,NA,NA,NA,NA,NA,NA,NA,NA,606.708,606.708,2.782979722,-19.68,15.14,1.180125875
2-Jul-18,2018,TH18-011,Black-legged Kittiwake,Rissa tridactyla,BLKI,3,Saunders,adult,Unknown,NA,NA,NA,NA,NA,NA,NA,NA,NA,373.1645,373.1645,2.571900322,-20.42,13.67,1.135768515
2-Jul-18,2018,TH18-012,Black-legged Kittiwake,Rissa tridactyla,BLKI,3,Saunders,adult,Unknown,NA,NA,NA,NA,NA,NA,NA,NA,NA,556.716,556.716,2.745633703,-19.76,15.48,1.189770956
2-Jul-18,2018,TH18-013,Black-legged Kittiwake,Rissa tridactyla,BLKI,3,Saunders,adult,Unknown,NA,NA,NA,NA,NA,NA,NA,NA,NA,353.617,353.617,2.548533135,-19.88,15.15,1.180412633
2-Jul-18,2018,TH18-015,Black-legged Kittiwake,Rissa tridactyla,BLKI,3,Saunders,adult,Unknown,NA,NA,NA,NA,NA,NA,NA,NA,NA,369.532,369.532,2.567652053,-19.99,14.67,1.166430114
2-Jul-18,2018,TH18-016,Black-legged Kittiwake,Rissa tridactyla,BLKI,3,Saunders,adult,Unknown,NA,NA,NA,NA,NA,NA,NA,NA,NA,382.538,382.538,2.582674583,-20.33,13.75,1.138302698
5-Jul-19,2019,TH19_005,Black-legged Kittiwake,Rissa tridactyla,BLKI,3,saunders island,adult,unknown,none,NA,NA,NA,32.35,39.33,126,302,84.84,364.142,364.142,2.561270773,-21.03,13.71,1.137037455
5-Jul-19,2019,TH19_007,Black-legged Kittiwake,Rissa tridactyla,BLKI,3,saunders island,adult,unknown,365,black,21,344,32.07,38.07,129,300,86.13,444.064,444.064,2.647445567,-20.86,13.3,1.123851641
5-Jul-19,2019,TH19_009,Black-legged Kittiwake,Rissa tridactyla,BLKI,3,saunders island,adult,unknown,415,black,21,394,34.55,40.07,129,306,91.15,322.568,322.568,2.508621281,-21.08,12.64,1.101747074
5-Jul-19,2019,TH19_011,Black-legged Kittiwake,Rissa tridactyla,BLKI,3,saunders island,adult,unknown,405,black,21,384,33.38,39.05,125,308,93.68,479.102,479.102,2.680427984,-21.05,13.34,1.12515583
5-Jul-19,2019,TH19_016,Black-legged Kittiwake,Rissa tridactyla,BLKI,3,saunders island,adult,unknown,435,black,21,414,34.95,39.87,129,312,83.78,522.048,522.048,2.717710436,-20.74,13.63,1.134495856
5-Jul-19,2019,TH19_019,Black-legged Kittiwake,Rissa tridactyla,BLKI,3,Saunders Island,adult,unknown,410,black,21,389,35.53,41.8,122,302,91.36,562.632,562.632,2.750224429,-20.72,14.58,1.163757524
5-Jul-19,2019,TH19_021,Black-legged Kittiwake,Rissa tridactyla,BLKI,3,Saunders Island,adult,unknown,385,black,21,364,33.02,37.49,115,293,66.73,226.18,226.18,2.3544542,-20.97,12.39,1.093071306
5-Jul-19,2019,TH19_022,Black-legged Kittiwake,Rissa tridactyla,BLKI,3,Saunders Island,adult,unknown,365,black,21,344,34.56,40.43,112,300,88.54,557.624,557.624,2.746341457,-20.69,13.38,1.126456113
5-Jul-19,2019,TH19_023,Black-legged Kittiwake,Rissa tridactyla,BLKI,3,Saunders Island,adult,unknown,390,black,21,369,34.93,39.14,123,319,89.67,465.782,465.782,2.668182701,-20.38,14.03,1.147057671
5-Jul-19,2019,TH19_027,Black-legged Kittiwake,Rissa tridactyla,BLKI,3,Saunders Island,adult,unknown,370,black,21,349,34.24,41.25,110,301,88.27,503.128,503.128,2.701678487,-20.88,13.28,1.123198075
5-Jul-19,2019,TH19_028,Black-legged Kittiwake,Rissa tridactyla,BLKI,3,Saunders Island,adult,unknown,380,black,21,359,32.44,39.14,114,295,94.97,404.718,404.718,2.60715252,-21.21,13.33,1.124830149
5-Jul-19,2019,TH19_029,Black-legged Kittiwake,Rissa tridactyla,BLKI,3,Saunders Island,adult,unknown,435,black,21,414,35.58,41.38,122,308,91.16,374.011,374.011,2.572884375,-21.28,13.73,1.137670537
17-Jul-19,2019,TH19_046,Black-legged Kittiwake,Rissa tridactyla,BLKI,3,saunders island,adult,unknown,410,black,21,389,34.93,41.89,114,317,93.06,439.355,439.355,2.642815573,-20.6,13.29,1.123524981
17-Jul-19,2019,TH19_047,Black-legged Kittiwake,Rissa tridactyla,BLKI,3,saunders island,adult,unknown,340,black,21,319,33.74,40.02,115,310,80.28,379.073,379.073,2.578722852,-21.31,12.46,1.095518042
17-Jul-19,2019,TH19_052,Black-legged Kittiwake,Rissa tridactyla,BLKI,3,saunders island,adult,unknown,395,black,21,374,35.6,41.43,115,302,87.49,367.49,367.49,2.565245526,-20.83,12.75,1.105510185
17-Jul-19,2019,TH19_056,Black-legged Kittiwake,Rissa tridactyla,BLKI,3,saunders island,adult,unknown,480,black,21,459,35.91,40.5,112,320,91.28,305.394,305.394,2.4848605,-20.53,13.05,1.115610512
17-Jul-19,2019,TH19_058,Black-legged Kittiwake,Rissa tridactyla,BLKI,3,saunders island,adult,unknown,450,black,21,429,35.87,39.94,115,309,93.24,392.759,392.759,2.594126146,-20.9,13.14,1.118595365
17-Jul-19,2019,TH19_060,Black-legged Kittiwake,Rissa tridactyla,BLKI,3,saunders island,adult,unknown,385,black,21,364,33.38,38.2,111,303,86.31,232.222,232.222,2.365903361,-20.31,13.12,1.117933835
17-Jul-19,2019,TH19_061,Black-legged Kittiwake,Rissa tridactyla,BLKI,3,saunders island,adult,unknown,440,black,21,419,35.73,41.91,115,321,92.83,505.197,505.197,2.703460763,-20.5,14.52,1.161966616
10-Jul-22,2022,TH22-009,Black-legged Kittiwake,Rissa tridactyla,BLKI,3,Saunders,adult,unknown,390,black,21,369,35.57,38.95,130,320,88.28,651.25,625.64285,2.813747736,-20.64,14.58,1.163757524
10-Jul-22,2022,TH22-010,Black-legged Kittiwake,Rissa tridactyla,BLKI,3,Saunders,adult,unknown,370,black,21,349,36.41,42.11,130,300,92.24,493.65,476.26957,2.693419141,-20.57,14.07,1.148294097
10-Jul-22,2022,TH22-012,Black-legged Kittiwake,Rissa tridactyla,BLKI,3,Saunders,adult,unknown,330,black,21,309,35.18,39.78,124,299,85.14,389.6,377.65098,2.590618948,-20.51,15.05,1.1775365
10-Jul-22,2022,TH22-013,Black-legged Kittiwake,Rissa tridactyla,BLKI,3,Saunders,adult,unknown,370,black,21,349,36.32,41.03,111,280,93.38,347.05,337.32209,2.540392049,-20.96,14.24,1.153509989
10-Jul-22,2022,TH22-020,Black-legged Kittiwake,Rissa tridactyla,BLKI,3,Saunders,adult,unknown,370,black,21,349,36.69,41.21,116,312,90.18,488.975,471.838605,2.689286655,-21.21,13.81,1.140193679
15-Jul-22,2022,TH22-059,Black-legged Kittiwake,Rissa tridactyla,BLKI,3,Saunders,adult,unknown,352,black,21,331,33.97,40.18,121,290,87.22,385.8,374.04934,2.586362223,-20.67,14.61,1.164650216
15-Jul-22,2022,TH22-063,Black-legged Kittiwake,Rissa tridactyla,BLKI,3,Saunders,adult,unknown,390,black,21,369,35.8,39.34,122,301,81.94,375.75,364.52395,2.574898989,NA,NA,NA
15-Jul-22,2022,TH22-066,Black-legged Kittiwake,Rissa tridactyla,BLKI,3,Saunders,adult,unknown,360,black,21,339,32.87,37.58,121,296,89.27,523.05,504.13489,2.718543206,-20.83,14.47,1.160468531
15-Jul-22,2022,TH22-070,Black-legged Kittiwake,Rissa tridactyla,BLKI,3,Saunders,adult,unknown,390,black,21,369,32.54,38.15,114,293,90.33,364.25,353.62425,2.56139956,-20.94,13.98,1.145507171
15-Jul-22,2022,TH22-072,Black-legged Kittiwake,Rissa tridactyla,BLKI,3,Saunders,adult,unknown,390,black,21,369,34.48,39.53,125,302,84.28,508.15,490.01267,2.70599193,-21.14,14.2,1.152288344
15-Jul-22,2022,TH22-073,Black-legged Kittiwake,Rissa tridactyla,BLKI,3,Saunders,adult,unknown,400,black,21,379,38.42,41.5,106,301,91.79,639.15,614.17447,2.805602793,NA,NA,NA
15-Jul-22,2022,TH22-074,Black-legged Kittiwake,Rissa tridactyla,BLKI,3,Saunders,adult,unknown,370,black,21,349,34.35,39.81,115,292,89.86,333.9,324.85852,2.523616419,NA,NA,NA
15-Jul-22,2022,TH22-075,Black-legged Kittiwake,Rissa tridactyla,BLKI,3,Saunders,adult,unknown,380,black,21,359,34.78,40,126,300,91,632.2,607.58726,2.800854492,-20.78,14.97,1.1752218
15-Jul-22,2022,TH22-076,Black-legged Kittiwake,Rissa tridactyla,BLKI,3,Saunders,adult,unknown,380,black,21,359,38,39,131,360,90.5,463.55,447.74079,2.666096585,-20.75,14.72,1.16790781
25-Jul-22,2022,TH22-103,Black-legged Kittiwake,Rissa tridactyla,BLKI,3,Saunders,adult,unknown,440,black,21,419,35.95,44.08,128,314,92.77,539.3,519.53664,2.73183042,-21.31,13.59,1.133219457
25-Jul-22,2022,TH22-104,Black-legged Kittiwake,Rissa tridactyla,BLKI,3,Saunders,adult,unknown,420,black,21,399,35.07,40.64,127,308,89.73,351.85,341.87153,2.546357555,-21.16,14.37,1.157456768
25-Jul-22,2022,TH22-105,Black-legged Kittiwake,Rissa tridactyla,BLKI,3,Saunders,adult,unknown,390,black,21,369,32.53,40.11,128,301,84.03,432.35,418.16943,2.635835463,-21.87,13.06,1.115943177
25-Jul-22,2022,TH22-106,Black-legged Kittiwake,Rissa tridactyla,BLKI,3,Saunders,adult,unknown,440,black,21,419,35.1,39.95,124,300,90.34,578.225,556.429755,2.762096865,NA,NA,NA
5-Jul-23,2023,TH23_002,Black-legged Kittiwake,Rissa tridactyla,BLKI,3,Saunders small cliffs,adult,unknown,400,black,21,379,31.65,37.74,121,297,82.19,224.275,220.955945,2.350780865,-20.77,13.35,1.125481266
5-Jul-23,2023,TH23_003,Black-legged Kittiwake,Rissa tridactyla,BLKI,3,Saunders small cliffs,adult,unknown,340,black,21,319,31.94,37.34,119,285,85.9,277.2,271.11826,2.442793226,NA,NA,NA
5-Jul-23,2023,TH23_004,Black-legged Kittiwake,Rissa tridactyla,BLKI,3,Saunders small cliffs,adult,unknown,310,black,21,289,33.08,36.39,115,317,84.26,229.375,225.789725,2.360546082,NA,NA,NA
5-Jul-23,2023,TH23_005,Black-legged Kittiwake,Rissa tridactyla,BLKI,3,Saunders small cliffs,adult,unknown,360,black,21,339,32.33,38.83,127,310,90.84,375.7,364.47656,2.574841195,-20.88,14.56,1.163161375
5-Jul-23,2023,TH23_007,Black-legged Kittiwake,Rissa tridactyla,BLKI,3,Saunders small cliffs,adult,unknown,330,black,21,309,34.21,39.68,126,300,88.6,496.1,478.59168,2.695569227,-20.76,14.18,1.151676231
5-Jul-23,2023,TH23_008,Black-legged Kittiwake,Rissa tridactyla,BLKI,3,Saunders small cliffs,adult,unknown,310,black,21,289,33,37.13,119,315,81.02,322.45,314.00621,2.508462381,-20.76,14.44,1.159567193
5-Jul-23,2023,TH23_009,Black-legged Kittiwake,Rissa tridactyla,BLKI,3,Saunders small cliffs,adult,unknown,315,black,21,294,31.19,39.27,121,302,85.83,203.95,201.69191,2.30952371,-20.89,13.48,1.129689892
5-Jul-23,2023,TH23_010,Black-legged Kittiwake,Rissa tridactyla,BLKI,3,Saunders small cliffs,adult,unknown,340,black,21,319,32.33,38.75,116,295,87.78,364.1,353.48208,2.561220679,-20.5,14.87,1.172310969
5-Jul-23,2023,TH23_011,Black-legged Kittiwake,Rissa tridactyla,BLKI,3,Saunders small cliffs,adult,unknown,400,black,21,379,34.22,39.54,123,294,84.79,188.1,186.66928,2.274388796,-21.02,13.67,1.135768515
5-Jul-23,2023,TH23_012,Black-legged Kittiwake,Rissa tridactyla,BLKI,3,Saunders small cliffs,adult,unknown,350,black,21,329,32.39,38.57,116,297,82.89,399.3,386.84464,2.60129931,-20.19,13.78,1.139249218
11-Jul-23,2023,TH23_031,Black-legged Kittiwake,Rissa tridactyla,BLKI,3,Saunders small cliffs,adult,unknown,320,black,21,299,31.42,39.95,115,297,84.84,371.5,360.4958,2.569958818,NA,NA,NA
11-Jul-23,2023,TH23_032,Black-legged Kittiwake,Rissa tridactyla,BLKI,3,Saunders small cliffs,adult,unknown,410,black,21,389,27.81,38.39,123,314,102.73,487.55,470.48799,2.688019161,-20.19,14.32,1.155943018
11-Jul-23,2023,TH23_034,Black-legged Kittiwake,Rissa tridactyla,BLKI,3,Saunders small cliffs,adult,unknown,360,black,21,339,31.77,38.98,117,295,88.92,240.1,235.95488,2.38039216,-20.73,12.23,1.087426457
21-Jul-23,2023,TH23_072,Black-legged Kittiwake,Rissa tridactyla,BLKI,3,Saunders small cliffs,adult,unknown,350,black,21,329,31.94,35.44,118,398,82.19,196.2,194.34646,2.292699003,-21.53,13.36,1.125806458
21-Jul-23,2023,TH23_074,Black-legged Kittiwake,Rissa tridactyla,BLKI,3,Saunders small cliffs,adult,unknown,340,black,21,319,31.85,38.77,117,288,93.75,166.55,166.24419,2.221544637,-20.97,13.77,1.13893394
21-Jul-23,2023,TH23_076,Black-legged Kittiwake,Rissa tridactyla,BLKI,3,Saunders small cliffs,adult,unknown,400,black,21,379,33.86,39.66,111,305,86.74,355.05,344.90449,2.550289517,-21.36,14.02,1.146748014
21-Jul-23,2023,TH23_077,Black-legged Kittiwake,Rissa tridactyla,BLKI,3,Saunders small cliffs,adult,unknown,350,black,21,329,32.43,40.12,116,303,82.07,217.6,214.62938,2.337658891,-21.38,13.19,1.120244796
21-Jul-23,2023,TH23_078,Black-legged Kittiwake,Rissa tridactyla,BLKI,3,Saunders small cliffs,adult,unknown,330,black,21,309,35.02,40.2,126,304,87.86,275.267,269.2861626,2.43975415,NA,NA,NA
21-Jul-23,2023,TH23_079,Black-legged Kittiwake,Rissa tridactyla,BLKI,3,Saunders small cliffs,adult,unknown,NA,NA,NA,NA,32.89,40.57,126,307,88.33,423.933,410.1917974,2.627297224,-21.04,14.02,1.146748014
27-Jul-10,2010,TH2010_109,Dovekie,Alle alle,DOVE,4,Green Valley,adult,unknown,150,yellow,8,142,14.07,26.48,none,118,NA,204.7079,204.7079,2.311134603,-21.85,12.61,1.100715087
27-Jul-10,2010,TH2010_131,Dovekie,Alle alle,DOVE,4,Green Valley,adult,unknown,173,yellow,8,165,14.13,25.05,none,117,NA,127.002,127.002,2.10381056,-21.76,11.91,1.075911761
27-Jul-10,2010,TH2010_132,Dovekie,Alle alle,DOVE,4,Green Valley,adult,unknown,158,red,14,144,14.01,24.46,none,112,NA,234.676,234.676,2.370468677,NA,NA,NA
27-Jul-10,2010,TH2010_134,Dovekie,Alle alle,DOVE,4,Green Valley,adult,unknown,160,yellow,8,152,14.69,25.19,none,119,NA,247.6805,247.6805,2.393891816,NA,NA,NA
27-Jul-10,2010,TH2010_135,Dovekie,Alle alle,DOVE,4,Green Valley,adult,unknown,159,yellow,8,151,13.14,24.15,none,119,NA,214.7662,214.7662,2.331965933,-22.17,11.99,1.078819183
27-Jul-10,2010,TH2010_136,Dovekie,Alle alle,DOVE,4,Green Valley,adult,unknown,176,yellow,8,168,15.55,26.5,none,120,NA,159.1088,159.1088,2.2016942,NA,NA,NA
27-Jul-10,2010,TH2010_140,Dovekie,Alle alle,DOVE,4,Green Valley,adult,unknown,154,yellow,8,146,13.58,25.84,none,112,NA,214.89215,214.89215,2.332220551,-21.93,12.17,1.085290578
27-Jul-10,2010,TH2010_141,Dovekie,Alle alle,DOVE,4,Green Valley,adult,unknown,155,yellow,8,147,13.15,25.12,none,115,NA,139.7901,139.7901,2.145476416,-21.86,11.76,1.070407322
27-Jul-10,2010,TH2010_142,Dovekie,Alle alle,DOVE,4,Green Valley,adult,unknown,162,yellow,8,154,14.73,27.04,none,122,NA,220.8343,220.8343,2.344066529,-21.91,12.68,1.103119254
27-Jul-10,2010,TH2010_146,Dovekie,Alle alle,DOVE,4,Green Valley,adult,unknown,151,yellow,8,143,14.17,25.27,none,114,NA,189.3857,189.3857,2.277347184,-21.83,11.98,1.078456818
27-Jul-10,2010,TH2010_150,Dovekie,Alle alle,DOVE,4,Green Valley,adult,unknown,159,red,14,145,13.34,24.64,none,110,NA,175.5958,175.5958,2.244514124,-21.64,11.95,1.077367905
26-Jul-10,2010,TH2010_151,Dovekie,Alle alle,DOVE,4,Green Valley,adult,unknown,150,yellow,8,142,14.1,23.92,none,113,NA,177.0004,177.0004,2.247974248,NA,NA,NA
26-Jul-10,2010,TH2010_152,Dovekie,Alle alle,DOVE,4,Green Valley,adult,unknown,157,red,14,143,13.23,25,none,119,NA,91.0073,91.0073,1.95907623,-21.65,12.43,1.094471129
26-Jul-10,2010,TH2010_153,Dovekie,Alle alle,DOVE,4,Green Valley,adult,unknown,158,yellow,8,150,13.93,24.68,none,113,NA,240.8998,240.8998,2.381836439,NA,NA,NA
26-Jul-10,2010,TH2010_154,Dovekie,Alle alle,DOVE,4,Green Valley,adult,unknown,155,yellow,8,147,15.16,24.51,none,116,NA,231.0731,231.0731,2.363749391,NA,NA,NA
26-Jul-10,2010,TH2010_155,Dovekie,Alle alle,DOVE,4,Green Valley,adult,unknown,158,yellow,8,150,13.78,25.4,none,113,NA,266.2367,266.2367,2.425267922,-21.71,12,1.079181246
26-Jul-10,2010,TH2010_156,Dovekie,Alle alle,DOVE,4,Green Valley,adult,unknown,159,yellow,8,151,13.92,26.35,none,117,NA,241.9163,241.9163,2.383665132,-21.57,12.4,1.093421685
27-Jul-10,2010,TH2010_157,Dovekie,Alle alle,DOVE,4,Green Valley,adult,unknown,164,yellow,8,156,14.86,25.62,none,115,NA,141.0436,141.0436,2.149353384,-21.77,11.79,1.071513805
26-Jul-10,2010,TH2010_160,Dovekie,Alle alle,DOVE,4,Green Valley,adult,unknown,151,yellow,8,143,13.55,24.37,none,114,NA,211.0254,211.0254,2.324334732,NA,NA,NA
26-Jul-10,2010,TH2010_161,Dovekie,Alle alle,DOVE,4,Green Valley,adult,unknown,157,yellow,8,149,12.92,23.02,none,114,NA,229.2194,229.2194,2.360251371,NA,NA,NA
26-Jul-10,2010,TH2010_163,Dovekie,Alle alle,DOVE,4,Green Valley,adult,unknown,156,yellow,8,148,15.02,24.22,none,114,NA,289.5305,289.5305,2.46169432,-21.92,11.97,1.07809415
26-Jul-10,2010,TH2010_169,Dovekie,Alle alle,DOVE,4,Green Valley,adult,unknown,144,yellow,8,136,13.02,24.92,none,113,NA,192.9041,192.9041,2.285341458,NA,NA,NA
26-Jul-10,2010,TH2010_170,Dovekie,Alle alle,DOVE,4,Green Valley,adult,unknown,160,yellow,8,152,14.67,25.98,none,113,NA,184.4678,184.4678,2.265920568,NA,NA,NA
26-Jul-10,2010,TH2010_176,Dovekie,Alle alle,DOVE,4,Green Valley,adult,unknown,147,yellow,8,139,13.87,24.65,none,104,NA,184.7099,184.7099,2.266490173,-21.58,12.53,1.097951071
25-Jul-10,2010,TH2010_222,Dovekie,Alle alle,DOVE,4,Green Valley,adult,unknown,150,yellow,8,142,13.88,24.04,none,117,NA,191.7295,191.7295,2.28268894,NA,NA,NA
26-Jul-10,2010,TH2010_223,Dovekie,Alle alle,DOVE,4,Green Valley,adult,unknown,156,yellow,8,148,none,none,none,108,NA,205.6779,205.6779,2.313187629,-21.7,12.14,1.084218687
25-Jul-10,2010,TH2010_225,Dovekie,Alle alle,DOVE,4,Green Valley,adult,unknown,149,yellow,8,141,13.72,24.87,none,110,NA,199.1627,199.1627,2.299208005,-21.95,12.09,1.082426301
25-Jul-10,2010,TH2010_227,Dovekie,Alle alle,DOVE,4,Green Valley,adult,unknown,150,yellow,8,142,14.76,25.18,none,115,NA,195.6302,195.6302,2.291435899,NA,NA,NA
26-Jul-10,2010,TH2010_231,Dovekie,Alle alle,DOVE,4,Green Valley,adult,unknown,163,yellow,8,155,none,none,none,115,NA,257.7008,257.7008,2.411115767,NA,NA,NA
26-Jul-10,2010,TH2010_236,Dovekie,Alle alle,DOVE,4,Green Valley,adult,unknown,145,yellow,8,137,12.93,25.21,none,116,NA,173.7173,173.7173,2.239843071,-21.88,11.98,1.078456818
26-Jul-10,2010,TH2010_237,Dovekie,Alle alle,DOVE,4,Green Valley,adult,unknown,149,yellow,8,141,14.95,25.4,none,117,NA,223.8532,223.8532,2.349963307,-21.73,11.86,1.074084689
25-Jul-10,2010,TH2010_238,Dovekie,Alle alle,DOVE,4,Green Valley,adult,unknown,138,yellow,8,130,13.11,23.08,none,108,NA,230.9504,230.9504,2.363518719,NA,NA,NA
25-Jul-10,2010,TH2010_239,Dovekie,Alle alle,DOVE,4,Green Valley,adult,unknown,149,yellow,8,141,15.08,24.8,none,116,NA,210.9016,210.9016,2.324079875,-21.62,11.89,1.075181855
25-Jul-10,2010,TH2010_240,Dovekie,Alle alle,DOVE,4,Green Valley,adult,unknown,160,yellow,8,152,14.93,26.27,none,116,NA,274.0022,274.0022,2.43775405,-21.73,12.23,1.087426457
26-Jul-10,2010,TH2010_241,Dovekie,Alle alle,DOVE,4,Green Valley,adult,unknown,154,yellow,8,146,15.32,24.27,none,120,NA,186.1302,186.1302,2.269816844,-21.86,11.83,1.072984745
25-Jul-10,2010,TH2010_242,Dovekie,Alle alle,DOVE,4,Green Valley,adult,unknown,148,yellow,8,140,15.24,23.17,none,112,NA,193.9128,193.9128,2.287606477,NA,NA,NA
25-Jul-10,2010,TH2010_243,Dovekie,Alle alle,DOVE,4,Green Valley,adult,unknown,200,black,21,179,13.86,23.73,none,116,NA,177.1397,177.1397,2.248315905,-21.82,11.83,1.072984745
25-Jul-10,2010,TH2010_244,Dovekie,Alle alle,DOVE,4,Green Valley,adult,unknown,138,yellow,8,130,13.14,24.51,none,110,NA,176.0907,176.0907,2.24573642,NA,NA,NA
26-Jul-10,2010,TH2010_245,Dovekie,Alle alle,DOVE,4,Green Valley,adult,unknown,153,yellow,8,145,15.71,25.07,none,120,NA,253.5985,253.5985,2.40414668,NA,NA,NA
25-Jul-10,2010,TH2010_246,Dovekie,Alle alle,DOVE,4,Green Valley,adult,unknown,154,yellow,8,146,14.8,24.62,none,114,NA,184.2501,184.2501,2.265407732,NA,NA,NA
25-Jul-10,2010,TH2010_247,Dovekie,Alle alle,DOVE,4,Green Valley,adult,unknown,154,yellow,8,146,14.03,25.8,none,117,NA,194.5506,194.5506,2.289032575,NA,NA,NA
26-Jul-10,2010,TH2010_248,Dovekie,Alle alle,DOVE,4,Green Valley,adult,unknown,150,yellow,8,142,14.08,24.15,none,118,NA,198.0304,198.0304,2.296731865,NA,NA,NA
26-Jul-10,2010,TH2010_249,Dovekie,Alle alle,DOVE,4,Green Valley,adult,unknown,149,yellow,8,141,none,none,none,110,NA,227.4294,227.4294,2.356846606,-21.86,11.8,1.071882007
26-Jul-10,2010,TH2010_250,Dovekie,Alle alle,DOVE,4,Green Valley,adult,unknown,none,NA,NA,NA,13.71,23.57,none,118,NA,153.903,153.903,2.187247086,-21.82,11.91,1.075911761
25-Jul-10,2010,TH2010_251,Dovekie,Alle alle,DOVE,4,Green Valley,adult,unknown,156,yellow,8,148,13.86,25.35,none,117,NA,253.4978,253.4978,2.403974195,-22.04,12.14,1.084218687
25-Jul-10,2010,TH2010_252,Dovekie,Alle alle,DOVE,4,Green Valley,adult,unknown,150,yellow,7,143,13.85,23.9,none,114,NA,190.7464,190.7464,2.28045635,-22.01,12.4,1.093421685
25-Jul-10,2010,TH2010_253,Dovekie,Alle alle,DOVE,4,Green Valley,adult,unknown,168,red,14,154,14.56,24.14,none,113,NA,132.1525,132.1525,2.121075383,-22.15,11.96,1.07773118
26-Jul-10,2010,TH2010_254,Dovekie,Alle alle,DOVE,4,Green Valley,adult,unknown,180,yellow,8,172,14,26,none,115,NA,189.9854,189.9854,2.278720228,-21.92,12.16,1.084933575
25-Jul-10,2010,TH2010_255,Dovekie,Alle alle,DOVE,4,Green Valley,adult,unknown,134,yellow,8,126,12.77,23.72,none,112,NA,183.7397,183.7397,2.264203003,-21.98,12.05,1.080987047
25-Jul-10,2010,TH2010_256,Dovekie,Alle alle,DOVE,4,Green Valley,adult,unknown,152,yellow,8,144,13.17,25.08,none,119,NA,161.07,161.07,2.207014659,-22.12,12.04,1.080626487
26-Jul-10,2010,TH2010_257,Dovekie,Alle alle,DOVE,4,Green Valley,adult,unknown,166,red,14,152,none,none,none,108,NA,246.3715,246.3715,2.391590468,-21.89,12.1,1.08278537
26-Jul-10,2010,TH2010_258,Dovekie,Alle alle,DOVE,4,Green Valley,adult,unknown,152,yellow,8,144,14.85,24.66,none,113,NA,166.5015,166.5015,2.22141815,NA,NA,NA
26-Jul-10,2010,TH2010_259,Dovekie,Alle alle,DOVE,4,Green Valley,adult,unknown,160,yellow,8,152,none,none,none,119,NA,234.84495,234.84495,2.370781226,NA,NA,NA
26-Jul-10,2010,TH2010_260,Dovekie,Alle alle,DOVE,4,Green Valley,adult,unknown,162,yellow,8,154,none,none,none,114,NA,167.46190000000001,167.46190000000001,2.223916014,NA,NA,NA
26-Jul-10,2010,TH2010_261,Dovekie,Alle alle,DOVE,4,Green Valley,adult,unknown,152,yellow,8,144,none,none,none,112,NA,198.1946,198.1946,2.297091818,-21.98,12.08,1.082066934
26-Jul-10,2010,TH2010_262,Dovekie,Alle alle,DOVE,4,Green Valley,adult,unknown,160,yellow,8,152,none,none,none,119,NA,130.5652,130.5652,2.115827438,-21.71,12.04,1.080626487
26-Jul-10,2010,TH2010_263,Dovekie,Alle alle,DOVE,4,Green Valley,adult,unknown,142,yellow,8,134,none,none,none,113,NA,252.8343,252.8343,2.402835991,NA,NA,NA
26-Jul-10,2010,TH2010_264,Dovekie,Alle alle,DOVE,4,Green Valley,adult,unknown,158,yellow,8,150,none,none,none,120,NA,169.3442,169.3442,2.228770327,-22.01,12.05,1.080987047
26-Jul-10,2010,TH2010_265,Dovekie,Alle alle,DOVE,4,Green Valley,adult,unknown,163,yellow,8,155,none,none,none,113,NA,230.5192,230.5192,2.362707104,-21.73,12.08,1.082066934
26-Jul-10,2010,TH2010_266,Dovekie,Alle alle,DOVE,4,Green Valley,adult,unknown,168,yellow,8,160,none,none,none,118,NA,241.8358,241.8358,2.383520592,NA,NA,NA
26-Jul-10,2010,TH2010_267,Dovekie,Alle alle,DOVE,4,Green Valley,adult,unknown,159,yellow,8,151,none,none,none,115,NA,256.8622,256.8622,2.409700198,NA,NA,NA
26-Jul-10,2010,TH2010_268,Dovekie,Alle alle,DOVE,4,Green Valley,adult,unknown,157,yellow,8,149,none,none,none,111,NA,242.492,242.492,2.384697415,NA,NA,NA
26-Jul-10,2010,TH2010_269,Dovekie,Alle alle,DOVE,4,Green Valley,adult,unknown,168,yellow,8,160,none,none,none,109,NA,169.1707,169.1707,2.228325146,NA,NA,NA
26-Jul-10,2010,TH2010_270,Dovekie,Alle alle,DOVE,4,Green Valley,adult,unknown,166,yellow,8,158,none,none,none,115,NA,203.956,203.956,2.309536486,-21.89,12.03,1.080265627
4-Aug-19,2019,TH19_076,Dovekie,Alle alle,DOVE,4,Big Bird Valley,adult,unknown,160,yellow,8,152,15.31,26.49,31,121,55.45,357.0557,357.0557,2.55273597,-21.69,12.78,1.106530854
4-Aug-19,2019,TH19_077,Dovekie,Alle alle,DOVE,4,Big Bird Valley,adult,unknown,165,yellow,8,157,15.01,24.99,32,119,55.15,375.23115,375.23115,2.574298884,-21.99,12.81,1.10754913
4-Aug-19,2019,TH19_078,Dovekie,Alle alle,DOVE,4,Big Bird Valley,adult,unknown,155,yellow,8,147,15.06,25.43,32,119,54.58,350.52635,350.52635,2.544720671,-21.39,13.11,1.117602692
4-Aug-19,2019,TH19_079,Dovekie,Alle alle,DOVE,4,Big Bird Valley,adult,unknown,155,yellow,8,147,14.02,26.96,30,116,51.99,347.1301,347.1301,2.540492273,-21.08,13.4,1.127104798
4-Aug-19,2019,TH19_080,Dovekie,Alle alle,DOVE,4,Big Bird Valley,adult,unknown,160,yellow,8,152,13.35,25.66,31,117,52.68,273.91765,273.91765,2.437620017,-21.25,13.04,1.115277591
4-Aug-19,2019,TH19_081,Dovekie,Alle alle,DOVE,4,Big Bird Valley,adult,unknown,155,yellow,8,147,16.02,26.18,30,116,51.3,351.75745,351.75745,2.546243304,-21.84,13.05,1.115610512
4-Aug-19,2019,TH19_082,Dovekie,Alle alle,DOVE,4,Big Bird Valley,adult,unknown,150,yellow,8,142,15.73,24.65,29,111,53.04,360.9923,360.9923,2.557497938,-21.73,12.72,1.104487111
4-Aug-19,2019,TH19_083,Dovekie,Alle alle,DOVE,4,Big Bird Valley,adult,unknown,145,yellow,8,137,14.26,25.61,32,121,51.6,367.0881,367.0881,2.5647703060000002,NA,NA,NA
4-Aug-19,2019,TH19_084,Dovekie,Alle alle,DOVE,4,Big Bird Valley,adult,unknown,160,yellow,8,152,14.7,25.9,32,115,53.26,380.05295,380.05295,2.579844108,-21.85,13.07,1.116275588
4-Aug-19,2019,TH19_085,Dovekie,Alle alle,DOVE,4,Big Bird Valley,adult,unknown,157,yellow,8,149,15.87,26.43,32,116,54.2,260.593,260.593,2.415962746,NA,NA,NA
4-Aug-19,2019,TH19_086,Dovekie,Alle alle,DOVE,4,Big Bird Valley,adult,unknown,165,yellow,8,157,14.66,26.03,31,119,51.74,318.33525,318.33525,2.502884732,-21.72,12.74,1.105169428
4-Aug-19,2019,TH19_087,Dovekie,Alle alle,DOVE,4,Big Bird Valley,adult,unknown,155,yellow,8,147,15.33,26.3,29,116,52.8,241.8912,241.8912,2.383620069,-21.66,12.92,1.111262514
4-Aug-19,2019,TH19_088,Dovekie,Alle alle,DOVE,4,Big Bird Valley,adult,unknown,145,yellow,8,137,14.12,25.13,30,122,55.02,327.13225,327.13225,2.514723361,-20.81,13.26,1.122543524
4-Aug-19,2019,TH19_089,Dovekie,Alle alle,DOVE,4,Big Bird Valley,adult,unknown,149,yellow,8,141,14.5,25.75,30,118,51.72,356.4755,356.4755,2.552029687,NA,NA,NA
4-Aug-19,2019,TH19_090,Dovekie,Alle alle,DOVE,4,Big Bird Valley,adult,unknown,170,yellow,8,162,14.74,26.73,30,122,55.42,251.23145,251.23145,2.400074005,NA,NA,NA
4-Aug-19,2019,TH19_091,Dovekie,Alle alle,DOVE,4,Big Bird Valley,adult,unknown,155,yellow,8,147,14.04,23.27,35,116,51.38,301.2837,301.2837,2.478975636,-21.64,13.05,1.115610512
4-Aug-19,2019,TH19_092,Dovekie,Alle alle,DOVE,4,Big Bird Valley,adult,unknown,155,yellow,8,147,13.81,25.49,30,120,53.14,349.40555,349.40555,2.543329799,-21.67,13,1.113943352
4-Aug-19,2019,TH19_093,Dovekie,Alle alle,DOVE,4,Big Bird Valley,adult,unknown,150,yellow,8,142,15.72,25.43,32,120,53.09,333.16845,333.16845,2.522663868,-21.7,12.95,1.112269768
4-Aug-19,2019,TH19_095,Dovekie,Alle alle,DOVE,4,Big Bird Valley,adult,unknown,155,yellow,8,147,13.12,24.75,32,119,53.92,283.39955,283.39955,2.452399156,-21.62,13.2,1.120573931
4-Aug-19,2019,TH19_096,Dovekie,Alle alle,DOVE,4,Big Bird Valley,adult,unknown,160,yellow,8,152,15.14,24.53,31,117,52.42,307.71265,307.71265,2.48814535,-21.64,12.99,1.113609151
4-Aug-19,2019,TH19_097,Dovekie,Alle alle,DOVE,4,Big Bird Valley,adult,unknown,147,yellow,8,139,13.04,23.52,29,115,52.07,315.78825,315.78825,2.499395967,NA,NA,NA
11-Jul-22,2022,TH22-021,Dovekie,Alle alle,DOVE,4,Big Bird,adult,unknown,175,yellow,8,167,15.5,26.67,33,119,53.24,261.4,256.14302,2.417305583,-21.54,11.76,1.070407322
11-Jul-22,2022,TH22-022,Dovekie,Alle alle,DOVE,4,Big Bird,adult,unknown,190,yellow,8,182,14.76,29.13,30,118,53.61,166.65,166.33897,2.221805318,-21.8,11.83,1.072984745
11-Jul-22,2022,TH22-023,Dovekie,Alle alle,DOVE,4,Big Bird,adult,unknown,140,yellow,8,132,13.76,25.18,29,113,48.78,213.4,210.64862,2.329194415,NA,NA,NA
11-Jul-22,2022,TH22-024,Dovekie,Alle alle,DOVE,4,Big Bird,adult,unknown,180,yellow,8,172,17.26,25.99,34,117,52.59,217.85,214.86633,2.338157564,-21.74,11.88,1.074816441
11-Jul-22,2022,TH22-025,Dovekie,Alle alle,DOVE,4,Big Bird,adult,unknown,140,red,14,126,13.97,24.83,25,106,50.06,236,232.0689,2.372912003,-21.71,11.42,1.057666104
11-Jul-22,2022,TH22-026,Dovekie,Alle alle,DOVE,4,Big Bird,adult,unknown,160,yellow,8,152,13.34,26.45,33,116,53.07,183.65,182.45157,2.263990933,-21.87,11.8,1.071882007
11-Jul-22,2022,TH22-027,Dovekie,Alle alle,DOVE,4,Big Bird,adult,unknown,.,.,NA,NA,.,.,.,.,.,319,310.73630000000003,2.503790683,-21.28,11.86,1.074084689
11-Jul-22,2022,TH22-028,Dovekie,Alle alle,DOVE,4,Big Bird,adult,unknown,.,.,NA,NA,.,.,.,.,.,231.05,227.37729,2.363705973,-21.72,11.67,1.067070856
11-Jul-22,2022,TH22-029,Dovekie,Alle alle,DOVE,4,Big Bird,adult,unknown,170,yellow,8,162,15.83,27.88,33,119,53.27,126.9,128.66392,2.103461622,-21.75,11.91,1.075911761
11-Jul-22,2022,TH22-030,Dovekie,Alle alle,DOVE,4,Big Bird,adult,unknown,160,yellow,8,152,15.22,26.9,32,113,51.95,234.8,230.93154,2.370698093,-21.63,11.85,1.07371835
11-Jul-22,2022,TH22-031,Dovekie,Alle alle,DOVE,4,Big Bird,adult,unknown,175,yellow,8,167,14.74,27.41,36,122,54.26,287.7,281.07016,2.458939862,-21.88,11.75,1.070037867
11-Jul-22,2022,TH22-033,Dovekie,Alle alle,DOVE,4,Big Bird,adult,unknown,165,yellow,8,157,14.25,27.03,33,113,50.25,183.05,181.88289,2.262569733,-21.7,11.89,1.075181855
11-Jul-22,2022,TH22-034,Dovekie,Alle alle,DOVE,4,Big Bird,adult,unknown,155,yellow,8,147,13.9,27.2,34,115,50.42,230.15,226.52427,2.362010979,-21.52,11.8,1.071882007
11-Jul-22,2022,TH22-035,Dovekie,Alle alle,DOVE,4,Big Bird,adult,unknown,145,yellow,8,137,14.48,25.24,32,113,49.64,216.05,213.16029,2.334554271,NA,NA,NA
11-Jul-22,2022,TH22-036,Dovekie,Alle alle,DOVE,4,Big Bird,adult,unknown,150,yellow,8,142,14.45,25.45,30,116,50.85,198.65,196.66857,2.298088569,-21.6,11.9,1.075546961
11-Jul-22,2022,TH22-037,Dovekie,Alle alle,DOVE,4,Big Bird,adult,unknown,.,.,NA,NA,.,.,.,.,.,234.15,230.31547,2.369494162,-21.84,11.78,1.07114529
11-Jul-22,2022,TH22-038,Dovekie,Alle alle,DOVE,4,Big Bird,adult,unknown,155,yellow,8,147,13.85,27.59,33,113,51.65,294.95,287.94171,2.469748401,-21.86,11.62,1.065206128
11-Jul-22,2022,TH22-039,Dovekie,Alle alle,DOVE,4,Big Bird,adult,unknown,165,yellow,8,157,15.01,24.97,33,116,51.12,190.1,188.56488,2.278982117,-21.75,11.89,1.075181855
17-Jul-23,2023,TH23_046,Dovekie,Alle alle,DOVE,4,Bird bird valley,adult,unknown,151,yellow,8,143,13.44,26.83,35,122,50.06,289.15,282.44447,2.461123197,-22.17,11.63,1.065579715
17-Jul-23,2023,TH23_047,Dovekie,Alle alle,DOVE,4,Bird bird valley,adult,unknown,138,yellow,8,130,14.19,21.13,34,115,49.67,215.3,212.44944,2.33304403,-21.74,11.78,1.07114529
17-Jul-23,2023,TH23_048,Dovekie,Alle alle,DOVE,4,Bird bird valley,adult,unknown,150,red,14,136,15,23.62,30,118,50.53,176.55,175.72219,2.246867722,-21.81,11.56,1.062957834
17-Jul-23,2023,TH23_049,Dovekie,Alle alle,DOVE,4,Bird bird valley,adult,unknown,151,red,14,137,14.76,24.52,31,121,53.97,120.6,122.69278,2.081347308,-22.17,11.56,1.062957834
17-Jul-23,2023,TH23_050,Dovekie,Alle alle,DOVE,4,Bird bird valley,adult,unknown,147,yellow,8,139,13.57,27.3,36,119,53.54,164.05,163.87469,2.214976235,-22.15,11.98,1.078456818
17-Jul-23,2023,TH23_051,Dovekie,Alle alle,DOVE,4,Bird bird valley,adult,unknown,154,yellow,8,146,15.06,25.74,29,119,54.05,202.7,200.50716,2.306853749,NA,NA,NA
17-Jul-23,2023,TH23_052,Dovekie,Alle alle,DOVE,4,Bird bird valley,adult,unknown,149,yellow,8,141,14.72,26.03,29,113,52.17,132.65,134.11377,2.122707254,-22.11,11.67,1.067070856
18-Jul-23,2023,TH23_053,Dovekie,Alle alle,DOVE,4,Bird bird valley,adult,unknown,157,red,14,143,15.72,26.14,32,117,52.33,154.5,154.8232,2.188928484,-21.96,11.68,1.067442843
18-Jul-23,2023,TH23_054,Dovekie,Alle alle,DOVE,4,Bird bird valley,adult,unknown,162,red,14,148,13.19,24.76,33,123,49.28,150.1,150.65288,2.176380692,-22.15,11.53,1.061829307
18-Jul-23,2023,TH23_055,Dovekie,Alle alle,DOVE,4,Bird bird valley,adult,unknown,155,red,14,141,14.09,24.1,35,115,50.02,174.75,174.01615,2.242417184,-22.11,11.68,1.067442843
18-Jul-23,2023,TH23_056,Dovekie,Alle alle,DOVE,4,Bird bird valley,adult,unknown,158,red,14,144,14.07,21.53,30,114,51.51,124.65,126.53137,2.095692283,NA,NA,NA
18-Jul-23,2023,TH23_057,Dovekie,Alle alle,DOVE,4,Bird bird valley,adult,unknown,175,red,14,161,14.06,21,34,118,50.4,158.75,158.85135,2.200713734,-22.52,11.79,1.071513805
29-Jul-10,2010,TH2010_272,Thick-billed Murre,Uria lomvia,TBMU,5,Saunders Island,adult,unknown,830,red,14,816,32.32,43.88,none,211,NA,735.68215,735.68215,2.866690219,-20.9,13.24,1.121887985
29-Jul-10,2010,TH2010_280,Thick-billed Murre,Uria lomvia,TBMU,5,Saunders Island,adult,unknown,1010,red,14,996,22.96,46.67,none,210,NA,699.6379,699.6379,2.844873328,-20.39,14.51,1.161667412
29-Jul-10,2010,TH2010_285,Thick-billed Murre,Uria lomvia,TBMU,5,Saunders Island,adult,unknown,900,red,14,886,34.8,42.94,none,206,NA,389.8471,389.8471,2.590894308,-20.29,14.48,1.160768562
29-Jul-10,2010,TH2010_287,Thick-billed Murre,Uria lomvia,TBMU,5,Saunders Island,adult,unknown,880,red,14,866,34.06,45.42,none,208,NA,587.6668,587.6668,2.769131156,-20.34,14.34,1.156549151
29-Jul-10,2010,TH2010_290,Thick-billed Murre,Uria lomvia,TBMU,5,Saunders Island,adult,unknown,800,red,14,786,31.94,45.84,none,210,NA,606.0604,606.0604,2.782515908,-20.46,14.89,1.172894698
29-Jul-10,2010,TH2010_292,Thick-billed Murre,Uria lomvia,TBMU,5,Saunders Island,adult,unknown,1020,red,14,1006,39.72,45.6,none,215,NA,563.38,563.38,2.750801425,-20.29,14.76,1.169086357
29-Jul-10,2010,TH2010_293,Thick-billed Murre,Uria lomvia,TBMU,5,Saunders Island,adult,unknown,870,red,14,856,36.02,45.18,none,210,NA,557.74,557.74,2.746431792,-20.58,14.58,1.163757524
29-Jul-10,2010,TH2010_294,Thick-billed Murre,Uria lomvia,TBMU,5,Saunders Island,adult,unknown,910,red,14,896,35.5,42.83,none,213,NA,587.1118,587.1118,2.768720809,-20.45,14.07,1.148294097
29-Jul-10,2010,TH2010_295,Thick-billed Murre,Uria lomvia,TBMU,5,Saunders Island,adult,unknown,900,red,14,886,32.95,43.33,none,213,NA,596.1597,596.1597,2.775362615,-20.57,14.2,1.152288344
29-Jul-10,2010,TH2010_298,Thick-billed Murre,Uria lomvia,TBMU,5,Saunders Island,adult,unknown,880,red,14,866,34.22,37.34,none,215,NA,549.6121,549.6121,2.740056285,-20.1,14.9,1.173186268
29-Jul-10,2010,TH2010_299,Thick-billed Murre,Uria lomvia,TBMU,5,Saunders Island,adult,unknown,880,red,14,866,36.94,42.16,none,213,NA,582.524,582.524,2.765313823,-20.4,14.91,1.173477643
29-Jul-10,2010,TH2010_300,Thick-billed Murre,Uria lomvia,TBMU,5,Saunders Island,adult,unknown,940,red,14,926,33.03,42.82,none,214,NA,524.7422,524.7422,2.719945992,-20.64,14.5,1.161368002
29-Jul-10,2010,TH2010_302,Thick-billed Murre,Uria lomvia,TBMU,5,Saunders Island,adult,unknown,1000,red,14,986,31.79,42.49,none,214,NA,600.2076,600.2076,2.77830149,-20.79,14.26,1.154119526
29-Jul-10,2010,TH2010_305,Thick-billed Murre,Uria lomvia,TBMU,5,Saunders Island,adult,unknown,940,red,14,926,33.4,45.18,none,211,NA,716.7557,716.7557,2.855371155,-20.28,15.26,1.183554534
29-Jul-10,2010,TH2010_306,Thick-billed Murre,Uria lomvia,TBMU,5,Saunders Island,adult,unknown,820,red,14,806,33.65,42.77,none,209,NA,728.9698,728.9698,2.862709537,-20.39,14.36,1.15715444
29-Jul-10,2010,TH2010_307,Thick-billed Murre,Uria lomvia,TBMU,5,Saunders Island,adult,unknown,850,red,14,836,32.12,45.35,none,208,NA,809.8457,809.8457,2.908402281,-20.45,15.02,1.176669933
29-Jul-10,2010,TH2010_308,Thick-billed Murre,Uria lomvia,TBMU,5,Saunders Island,adult,unknown,980,red,14,966,33.78,44.3,none,220,NA,522.8774,522.8774,2.718399871,-20.43,14.68,1.166726056
16-Jul-11,2011,TH2011_032,Thick-billed Murre,Uria lomvia,TBMU,5,Saunder's Island,adult,unknown,1060,black,20,1040,32.86,46.58,none,221,NA,477.5653,477.5653,2.679032763,-19.96,15.16,1.180699201
8-Jul-14,2014,TH14_050,Thick-billed Murre,Uria lomvia,TBMU,5,Saunder's Island,adult,unknown,880,black bag,48,832,32.97,39.76,58,205,NA,800.4246,800.4246,2.903320428,-20.88,14.36,1.15715444
8-Jul-14,2014,TH14_051,Thick-billed Murre,Uria lomvia,TBMU,5,Saunder's Island,adult,unknown,910,black bag,48,862,35.77,44.63,50,213,NA,930.8503,930.8503,2.968879843,-20.86,14.69,1.167021796
5-Jul-19,2019,TH19_012,Thick-billed Murre,Uria lomvia,TBMU,5,saunders island,adult,unknown,830,black,21,809,34.04,42.7,51,217,101.71,741.031,741.031,2.869836376,-20.78,14.38,1.157758886
5-Jul-19,2019,TH19_013,Thick-billed Murre,Uria lomvia,TBMU,5,Saunders Island,adult,unknown,845,black,21,824,33.57,47.74,53,205,97.94,668.763,668.763,2.825272237,-20.61,14.57,1.163459552
5-Jul-19,2019,TH19_014,Thick-billed Murre,Uria lomvia,TBMU,5,Saunders Island,adult,unknown,840,black,21,819,33.29,41.24,49,212,96.1,842.69,842.69,2.92566784,-20.89,14.24,1.153509989
5-Jul-19,2019,TH19_015,Thick-billed Murre,Uria lomvia,TBMU,5,Saunders Island,adult,unknown,860,black,21,839,37.29,43.91,52,220,102.83,1191.971,1191.971,3.076265689,-21.12,15.42,1.188084374
5-Jul-19,2019,TH19_017,Thick-billed Murre,Uria lomvia,TBMU,5,Saunders Island,adult,unknown,840,black,21,819,34.51,46.04,45,210,100.07,1131.282,1131.282,3.053570877,-20.88,14.79,1.169968174
5-Jul-19,2019,TH19_018,Thick-billed Murre,Uria lomvia,TBMU,5,Saunders Island,adult,unknown,865,black,21,844,35.38,46.91,54,215,100.02,1033.155,1033.155,3.014165482,-20.88,14.23,1.1532049
5-Jul-19,2019,TH19_020,Thick-billed Murre,Uria lomvia,TBMU,5,saunders island,adult,unknown,850,black,21,829,29.7,41.88,47,208,97.09,650.026,650.026,2.812930728,-20.69,14.67,1.166430114
5-Jul-19,2019,TH19_025,Thick-billed Murre,Uria lomvia,TBMU,5,Saunders Island,adult,unknown,970,black,21,949,37.16,45.86,51,220,107.94,990,990,2.995635195,-20.64,15.07,1.178113252
5-Jul-19,2019,TH19_026,Thick-billed Murre,Uria lomvia,TBMU,5,Saunders Island,adult,unknown,830,black,21,809,35.37,43.77,45,205,98.56,775.734,775.734,2.889712827,-20.15,14.66,1.16613397
5-Jul-19,2019,TH19_030,Thick-billed Murre,Uria lomvia,TBMU,5,Saunders Island,adult,unknown,920,black,21,899,33.84,46.84,49,207,103.29,1242.939,1242.939,3.094449815,-20.21,14.69,1.167021796
17-Jul-19,2019,TH19_051,Thick-billed Murre,Uria lomvia,TBMU,5,saunders island,adult,unknown,960,black,21,939,31.73,46.76,48,209,101.89,865.826,865.826,2.937430623,-20.9,13.3,1.123851641
17-Jul-19,2019,TH19_053,Thick-billed Murre,Uria lomvia,TBMU,5,saunders island,adult,unknown,960,red,15,945,31.35,49.96,46,217,99.89,1140.124,1140.124,3.056952088,-20.6,14.78,1.169674434
17-Jul-19,2019,TH19_054,Thick-billed Murre,Uria lomvia,TBMU,5,saunders island,adult,unknown,NA,NA,NA,NA,NA,NA,NA,NA,NA,906.534,906.534,2.957384097,-20.54,14.4,1.158362492
17-Jul-19,2019,TH19_055,Thick-billed Murre,Uria lomvia,TBMU,5,saunders island,adult,unknown,990,black,21,969,34.04,48.7,49,222,98.21,784.563,784.563,2.894627823,-20.84,15.06,1.177824972
17-Jul-19,2019,TH19_057,Thick-billed Murre,Uria lomvia,TBMU,5,saunders island,adult,unknown,770,red,15,755,33.51,43.58,49,215,98.89,711.892,711.892,2.852414113,-20.49,14.54,1.162564407
17-Jul-19,2019,TH19_059,Thick-billed Murre,Uria lomvia,TBMU,5,saunders island,adult,unknown,none,NA,NA,NA,33.16,43.16,49,212,96.08,720.701,720.701,2.857755125,-20.93,13.56,1.13225969
28-Jul-19,2019,TH19_070,Thick-billed Murre,Uria lomvia,TBMU,5,saunders island,adult,unknown,930,red,15,922,35.45,46.5,44,209,100.68,919.679,919.679,2.96363627,-20.72,14.31,1.155639634
28-Jul-19,2019,TH19_071,Thick-billed Murre,Uria lomvia,TBMU,5,Saunders Island,adult,unknown,950,red,15,935,33.84,44.85,47,213,101.66,465.685,465.685,2.668092249,-20.59,13.92,1.143639235
28-Jul-19,2019,TH19_072,Thick-billed Murre,Uria lomvia,TBMU,5,Saunders Island,adult,unknown,750,black,21,729,33.59,40.39,46,209,96.74,854.631,854.631,2.931778642,-20.53,14.13,1.150142162
28-Jul-19,2019,TH19_073,Thick-billed Murre,Uria lomvia,TBMU,5,Saunders Island,adult,unknown,970,red,15,955,36.77,45.54,49,210,103.29,665,665,2.822821645,-20.81,14.25,1.153814864
28-Jul-19,2019,TH19_074,Thick-billed Murre,Uria lomvia,TBMU,5,Saunders Island,adult,unknown,930,red,15,915,35.6,48.12,43,211,102.78,839.923,839.923,2.924239474,-20.63,14.4,1.158362492
10-Jul-22,2022,TH22-008,Thick-billed Murre,Uria lomvia,TBMU,5,Saunders,adult,unknown,560,black,21,539,34.68,43.27,50,221,99.56,771.45,739.56841,2.887307783,-20.97,14.72,1.16790781
10-Jul-22,2022,TH22-011,Thick-billed Murre,Uria lomvia,TBMU,5,Saunders,adult,unknown,850,black,21,829,33.49,43.82,45,214,95.26,735.7833333,705.7635433,2.866749946,-21.08,14.42,1.15896526
10-Jul-22,2022,TH22-014,Thick-billed Murre,Uria lomvia,TBMU,5,Saunders,adult,unknown,880,black,21,859,35.14,48.38,45,208,103.17,581.15,559.20207,2.764288242,-20.94,14.3,1.155336037
10-Jul-22,2022,TH22-015,Thick-billed Murre,Uria lomvia,TBMU,5,Saunders,adult,unknown,890,black,21,869,34.47,45.21,44,207,99.04,869.45,832.45281,2.939244612,-20.84,14.57,1.163459552
10-Jul-22,2022,TH22-016,Thick-billed Murre,Uria lomvia,TBMU,5,Saunders,adult,unknown,860,black,21,839,34.9,45.05,46,212,150,567.2,545.98026,2.753736222,-20.94,14.58,1.163757524
10-Jul-22,2022,TH22-017,Thick-billed Murre,Uria lomvia,TBMU,5,Saunders,adult,unknown,950,black,21,929,37.93,43.54,55,205,111.1,505.9,487.88012,2.704064679,-21.08,14.26,1.154119526
10-Jul-22,2022,TH22-018,Thick-billed Murre,Uria lomvia,TBMU,5,Saunders,adult,unknown,930,black,21,909,37.03,45.59,48,209,105.27,943.55,902.68479,2.974764919,-20.98,14.51,1.161667412
10-Jul-22,2022,TH22-051,Thick-billed Murre,Uria lomvia,TBMU,5,Saunders,adult,unknown,840,black,21,819,37.33,41.88,46,205,94.18,623.25,599.10445,2.794662287,-21.26,14.19,1.151982395
10-Jul-22,2022,TH22-060,Thick-billed Murre,Uria lomvia,TBMU,5,Saunders,adult,unknown,790,black,21,769,30.3,43.23,46,208,96.81,1051.35,1004.85763,3.021747319,-20.88,14.46,1.160168293
15-Jul-22,2022,TH22-061,Thick-billed Murre,Uria lomvia,TBMU,5,Saunders,adult,unknown,810,black,21,789,39.68,43.78,43,205,102.37,735.05,705.06849,2.866316882,-21.07,14.66,1.16613397
15-Jul-22,2022,TH22-062,Thick-billed Murre,Uria lomvia,TBMU,5,Saunders,adult,unknown,870,black,21,849,32.39,41.95,53,214,176*,670.15,643.55627,2.826172022,-21.13,14.72,1.16790781
15-Jul-22,2022,TH22-064,Thick-billed Murre,Uria lomvia,TBMU,5,Saunders,adult,unknown,950,black,21,929,33.5,43.83,41,201,97.82,496.1,478.59168,2.695569227,-20.91,14.73,1.168202747
15-Jul-22,2022,TH22-065,Thick-billed Murre,Uria lomvia,TBMU,5,Saunders,adult,unknown,900,black,21,879,33.7,44.31,53,205,102.87,543,523.0435,2.73479983,-20.91,14.64,1.165541077
15-Jul-22,2022,TH22-068,Thick-billed Murre,Uria lomvia,TBMU,5,Saunders,adult,unknown,830,black,21,809,33.93,43.77,69,196,107.55,727.35,697.77043,2.861743443,-21.09,14.63,1.165244326
15-Jul-22,2022,TH22-069,Thick-billed Murre,Uria lomvia,TBMU,5,Saunders,adult,unknown,860,black,21,839,35.4,42.48,41,199,101.63,781.25,748.85685,2.89279003,-20.63,13.78,1.139249218
25-Jul-22,2022,TH22-099,Thick-billed Murre,Uria lomvia,TBMU,5,Saunders,adult,unknown,960,black,21,939,39.99,46.95,50,209,112.86,930.15,889.98427,2.96855299,NA,NA,NA
25-Jul-22,2022,TH22-100,Thick-billed Murre,Uria lomvia,TBMU,5,Saunders,adult,unknown,1050,black,21,1029,34.92,47.13,48,205,102.31,1248.9,1192.09552,3.096527666,-21.29,14.76,1.169086357
25-Jul-22,2022,TH22-102,Thick-billed Murre,Uria lomvia,TBMU,5,Saunders,adult,unknown,910,black,21,889,32.36,43.58,48,208,98.05,483.2,466.36506,2.684126926,-21.24,13.39,1.126780577
25-Jul-22,2022,TH22-107,Thick-billed Murre,Uria lomvia,TBMU,5,Saunders,adult,unknown,910,black,21,889,37.37,44.89,51,211,107.3,669.3,642.75064,2.825620825,-21.1,13.97,1.145196406
5-Jul-23,2023,TH23_006,Thick-billed Murre,Uria lomvia,TBMU,5,Saunders small cliffs,adult,unknown,940,black,21,919,34.77,43.41,47,218,102.08,665.275,638.935745,2.823001204,-20.9,13.69,1.136403448
11-Jul-23,2023,TH23_023,Thick-billed Murre,Uria lomvia,TBMU,5,Saunders small cliffs,adult,unknown,860,black,21,839,34.49,41.07,47,214,96.75,820.8,786.34234,2.914237348,NA,NA,NA
11-Jul-23,2023,TH23_024,Thick-billed Murre,Uria lomvia,TBMU,5,Saunders small cliffs,adult,unknown,860,black,21,839,32.66,43.21,44,215,100.38,522.25,503.37665,2.717878449,-20.87,14.01,1.146438135
11-Jul-23,2023,TH23_025,Thick-billed Murre,Uria lomvia,TBMU,5,Saunders small cliffs,adult,unknown,870,black,21,849,35.62,44.03,43,215,98.37,476.05,459.58829,2.677652569,-20.77,13.91,1.14332713
11-Jul-23,2023,TH23_026,Thick-billed Murre,Uria lomvia,TBMU,5,Saunders small cliffs,adult,unknown,880,black,21,859,37.34,44.81,48,223,103.54,712.15,683.36387,2.852571479,-20.55,14.07,1.148294097
11-Jul-23,2023,TH23_028,Thick-billed Murre,Uria lomvia,TBMU,5,Saunders small cliffs,adult,unknown,920,black,21,899,31.4,41.15,49,210,102.54,807.85,774.06833,2.907330729,NA,NA,NA
11-Jul-23,2023,TH23_029,Thick-billed Murre,Uria lomvia,TBMU,5,Saunders small cliffs,adult,unknown,810,black,21,789,33,42.08,49,211,93.21,693.65,665.82957,2.841140391,-20.47,13.76,1.138618434
11-Jul-23,2023,TH23_030,Thick-billed Murre,Uria lomvia,TBMU,5,Saunders small cliffs,adult,unknown,880,black,21,859,35.15,45.54,44,216,103.1,897.15,858.70687,2.952865061,NA,NA,NA
11-Jul-23,2023,TH23_033,Thick-billed Murre,Uria lomvia,TBMU,5,Saunders small cliffs,adult,unknown,850,black,21,829,31.61,37.88,48,216,96.32,632.925,608.274415,2.80135225,-20.66,13.44,1.128399269
11-Jul-23,2023,TH23_035,Thick-billed Murre,Uria lomvia,TBMU,5,Saunders small cliffs,adult,unknown,790,black,21,769,33.97,43.1,44,209,103.18,505.675,487.666865,2.703871483,-20.83,13.54,1.131618664
11-Jul-23,2023,TH23_036,Thick-billed Murre,Uria lomvia,TBMU,5,Saunders small cliffs,adult,unknown,670,black,21,649,33.27,42.7,47,211,98,876.7,839.32436,2.942851007,-20.92,13.67,1.135768515
11-Jul-23,2023,TH23_037,Thick-billed Murre,Uria lomvia,TBMU,5,Saunders small cliffs,adult,unknown,820,black,21,799,34.44,41.26,49,208,99.94,650.7,625.12156,2.813380807,-20.93,13.92,1.143639235
11-Jul-23,2023,TH23_038,Thick-billed Murre,Uria lomvia,TBMU,5,Saunders small cliffs,adult,unknown,890,black,21,869,35.32,48.38,46,205,103.25,845.25,809.51605,2.926985179,NA,NA,NA
11-Jul-23,2023,TH23_039,Thick-billed Murre,Uria lomvia,TBMU,5,Saunders small cliffs,adult,unknown,970,black,21,949,37.16,43.53,48,218,103.8,809,775.1583,2.907948522,NA,NA,NA
11-Jul-23,2023,TH23_040,Thick-billed Murre,Uria lomvia,TBMU,5,Saunders small cliffs,adult,unknown,930,black,21,909,34.64,32.59,52,215,103.02,850.25,814.25505,2.929546641,-21.04,15.07,1.178113252
21-Jul-23,2023,TH23_068,Thick-billed Murre,Uria lomvia,TBMU,5,Saunders small cliffs,adult,unknown,950,black,21,929,30.69,43.61,47,209,100.41,638.9,613.93752,2.805432888,NA,NA,NA
21-Jul-23,2023,TH23_069,Thick-billed Murre,Uria lomvia,TBMU,5,Saunders small cliffs,adult,unknown,880,black,21,859,33.34,44.18,46,211,96.5,635.2,610.43066,2.802910489,-20.62,14.38,1.157758886
21-Jul-23,2023,TH23_070,Thick-billed Murre,Uria lomvia,TBMU,5,Saunders small cliffs,adult,unknown,975,black,21,954,38.07,48.32,58,221,104.79,738,707.8645,2.868056362,-21.26,13.37,1.126131407
21-Jul-23,2023,TH23_071,Thick-billed Murre,Uria lomvia,TBMU,5,Saunders small cliffs,adult,unknown,950,black,21,929,32.37,40.9,45,206,102.88,463.25,447.45645,2.665815428,-20.89,13.38,1.126456113
21-Jul-23,2023,TH23_073,Thick-billed Murre,Uria lomvia,TBMU,5,Saunders small cliffs,adult,unknown,910,black,21,889,33.43,44.17,50,217,98.86,627.15,602.80087,2.797371427,-20.88,13.9,1.1430148
